Experiment,Plant ID,Plot ID,Plant Num,Comments
24GN,24GN1001_001,24GN1001,,GER NNILS
24GN,24GN1001_002,24GN1001,,GER NNILS
24GN,24GN1001_003,24GN1001,,GER NNILS
24GN,24GN1001_004,24GN1001,,GER NNILS
24GN,24GN1001_005,24GN1001,,GER NNILS
24GN,24GN1001_006,24GN1001,,GER NNILS
24GN,24GN1001_007,24GN1001,,GER NNILS
24GN,24GN1001_008,24GN1001,,GER NNILS
24GN,24GN1001_009,24GN1001,,GER NNILS
24GN,24GN1001_010,24GN1001,,GER NNILS
24GN,24GN1002_001,24GN1002,,GER NNILS
24GN,24GN1002_002,24GN1002,,GER NNILS
24GN,24GN1002_003,24GN1002,,GER NNILS
24GN,24GN1002_004,24GN1002,,GER NNILS
24GN,24GN1002_005,24GN1002,,GER NNILS
24GN,24GN1002_006,24GN1002,,GER NNILS
24GN,24GN1002_007,24GN1002,,GER NNILS
24GN,24GN1002_008,24GN1002,,GER NNILS
24GN,24GN1002_009,24GN1002,,GER NNILS
24GN,24GN1002_010,24GN1002,,GER NNILS
24GN,24GN1003_001,24GN1003,,GER NNILS
24GN,24GN1003_002,24GN1003,,GER NNILS
24GN,24GN1003_003,24GN1003,,GER NNILS
24GN,24GN1003_004,24GN1003,,GER NNILS
24GN,24GN1003_005,24GN1003,,GER NNILS
24GN,24GN1003_006,24GN1003,,GER NNILS
24GN,24GN1003_007,24GN1003,,GER NNILS
24GN,24GN1003_008,24GN1003,,GER NNILS
24GN,24GN1003_009,24GN1003,,GER NNILS
24GN,24GN1003_010,24GN1003,,GER NNILS
24GN,24GN1004_001,24GN1004,,GER NNILS
24GN,24GN1004_002,24GN1004,,GER NNILS
24GN,24GN1004_003,24GN1004,,GER NNILS
24GN,24GN1004_004,24GN1004,,GER NNILS
24GN,24GN1004_005,24GN1004,,GER NNILS
24GN,24GN1004_006,24GN1004,,GER NNILS
24GN,24GN1004_007,24GN1004,,GER NNILS
24GN,24GN1004_008,24GN1004,,GER NNILS
24GN,24GN1004_009,24GN1004,,GER NNILS
24GN,24GN1004_010,24GN1004,,GER NNILS
24GN,24GN1005_001,24GN1005,,GER NNILS
24GN,24GN1005_002,24GN1005,,GER NNILS
24GN,24GN1005_003,24GN1005,,GER NNILS
24GN,24GN1005_004,24GN1005,,GER NNILS
24GN,24GN1005_005,24GN1005,,GER NNILS
24GN,24GN1005_006,24GN1005,,GER NNILS
24GN,24GN1005_007,24GN1005,,GER NNILS
24GN,24GN1005_008,24GN1005,,GER NNILS
24GN,24GN1005_009,24GN1005,,GER NNILS
24GN,24GN1005_010,24GN1005,,GER NNILS
24GN,24GN1006_001,24GN1006,,GER NNILS
24GN,24GN1006_002,24GN1006,,GER NNILS
24GN,24GN1006_003,24GN1006,,GER NNILS
24GN,24GN1006_004,24GN1006,,GER NNILS
24GN,24GN1006_005,24GN1006,,GER NNILS
24GN,24GN1006_006,24GN1006,,GER NNILS
24GN,24GN1006_007,24GN1006,,GER NNILS
24GN,24GN1006_008,24GN1006,,GER NNILS
24GN,24GN1006_009,24GN1006,,GER NNILS
24GN,24GN1006_010,24GN1006,,GER NNILS
24GN,24GN1007_001,24GN1007,,GER NNILS
24GN,24GN1007_002,24GN1007,,GER NNILS
24GN,24GN1007_003,24GN1007,,GER NNILS
24GN,24GN1007_004,24GN1007,,GER NNILS
24GN,24GN1007_005,24GN1007,,GER NNILS
24GN,24GN1007_006,24GN1007,,GER NNILS
24GN,24GN1007_007,24GN1007,,GER NNILS
24GN,24GN1007_008,24GN1007,,GER NNILS
24GN,24GN1007_009,24GN1007,,GER NNILS
24GN,24GN1007_010,24GN1007,,GER NNILS
24GN,24GN1008_001,24GN1008,,GER NNILS
24GN,24GN1008_002,24GN1008,,GER NNILS
24GN,24GN1008_003,24GN1008,,GER NNILS
24GN,24GN1008_004,24GN1008,,GER NNILS
24GN,24GN1008_005,24GN1008,,GER NNILS
24GN,24GN1008_006,24GN1008,,GER NNILS
24GN,24GN1008_007,24GN1008,,GER NNILS
24GN,24GN1008_008,24GN1008,,GER NNILS
24GN,24GN1008_009,24GN1008,,GER NNILS
24GN,24GN1008_010,24GN1008,,GER NNILS
24GN,24GN1009_001,24GN1009,,GER NNILS
24GN,24GN1009_002,24GN1009,,GER NNILS
24GN,24GN1009_003,24GN1009,,GER NNILS
24GN,24GN1009_004,24GN1009,,GER NNILS
24GN,24GN1009_005,24GN1009,,GER NNILS
24GN,24GN1009_006,24GN1009,,GER NNILS
24GN,24GN1009_007,24GN1009,,GER NNILS
24GN,24GN1009_008,24GN1009,,GER NNILS
24GN,24GN1009_009,24GN1009,,GER NNILS
24GN,24GN1009_010,24GN1009,,GER NNILS
24GN,24GN1010_001,24GN1010,,GER NNILS
24GN,24GN1010_002,24GN1010,,GER NNILS
24GN,24GN1010_003,24GN1010,,GER NNILS
24GN,24GN1010_004,24GN1010,,GER NNILS
24GN,24GN1010_005,24GN1010,,GER NNILS
24GN,24GN1010_006,24GN1010,,GER NNILS
24GN,24GN1010_007,24GN1010,,GER NNILS
24GN,24GN1010_008,24GN1010,,GER NNILS
24GN,24GN1010_009,24GN1010,,GER NNILS
24GN,24GN1010_010,24GN1010,,GER NNILS
24GN,24GN1011_001,24GN1011,,GER NNILS
24GN,24GN1011_002,24GN1011,,GER NNILS
24GN,24GN1011_003,24GN1011,,GER NNILS
24GN,24GN1011_004,24GN1011,,GER NNILS
24GN,24GN1011_005,24GN1011,,GER NNILS
24GN,24GN1011_006,24GN1011,,GER NNILS
24GN,24GN1011_007,24GN1011,,GER NNILS
24GN,24GN1011_008,24GN1011,,GER NNILS
24GN,24GN1011_009,24GN1011,,GER NNILS
24GN,24GN1011_010,24GN1011,,GER NNILS
24GN,24GN1012_001,24GN1012,,GER NNILS
24GN,24GN1012_002,24GN1012,,GER NNILS
24GN,24GN1012_003,24GN1012,,GER NNILS
24GN,24GN1012_004,24GN1012,,GER NNILS
24GN,24GN1012_005,24GN1012,,GER NNILS
24GN,24GN1012_006,24GN1012,,GER NNILS
24GN,24GN1012_007,24GN1012,,GER NNILS
24GN,24GN1012_008,24GN1012,,GER NNILS
24GN,24GN1012_009,24GN1012,,GER NNILS
24GN,24GN1012_010,24GN1012,,GER NNILS
24GN,24GN1013_001,24GN1013,,GER NNILS
24GN,24GN1013_002,24GN1013,,GER NNILS
24GN,24GN1013_003,24GN1013,,GER NNILS
24GN,24GN1013_004,24GN1013,,GER NNILS
24GN,24GN1013_005,24GN1013,,GER NNILS
24GN,24GN1013_006,24GN1013,,GER NNILS
24GN,24GN1013_007,24GN1013,,GER NNILS
24GN,24GN1013_008,24GN1013,,GER NNILS
24GN,24GN1013_009,24GN1013,,GER NNILS
24GN,24GN1013_010,24GN1013,,GER NNILS
24GN,24GN1014_001,24GN1014,,GER NNILS
24GN,24GN1014_002,24GN1014,,GER NNILS
24GN,24GN1014_003,24GN1014,,GER NNILS
24GN,24GN1014_004,24GN1014,,GER NNILS
24GN,24GN1014_005,24GN1014,,GER NNILS
24GN,24GN1014_006,24GN1014,,GER NNILS
24GN,24GN1014_007,24GN1014,,GER NNILS
24GN,24GN1014_008,24GN1014,,GER NNILS
24GN,24GN1014_009,24GN1014,,GER NNILS
24GN,24GN1014_010,24GN1014,,GER NNILS
24GN,24GN1015_001,24GN1015,,GER NNILS
24GN,24GN1015_002,24GN1015,,GER NNILS
24GN,24GN1015_003,24GN1015,,GER NNILS
24GN,24GN1015_004,24GN1015,,GER NNILS
24GN,24GN1015_005,24GN1015,,GER NNILS
24GN,24GN1015_006,24GN1015,,GER NNILS
24GN,24GN1015_007,24GN1015,,GER NNILS
24GN,24GN1015_008,24GN1015,,GER NNILS
24GN,24GN1015_009,24GN1015,,GER NNILS
24GN,24GN1015_010,24GN1015,,GER NNILS
24GN,24GN1016_001,24GN1016,,GER NNILS
24GN,24GN1016_002,24GN1016,,GER NNILS
24GN,24GN1016_003,24GN1016,,GER NNILS
24GN,24GN1016_004,24GN1016,,GER NNILS
24GN,24GN1016_005,24GN1016,,GER NNILS
24GN,24GN1016_006,24GN1016,,GER NNILS
24GN,24GN1016_007,24GN1016,,GER NNILS
24GN,24GN1016_008,24GN1016,,GER NNILS
24GN,24GN1016_009,24GN1016,,GER NNILS
24GN,24GN1016_010,24GN1016,,GER NNILS
24GN,24GN1017_001,24GN1017,,GER NNILS
24GN,24GN1017_002,24GN1017,,GER NNILS
24GN,24GN1017_003,24GN1017,,GER NNILS
24GN,24GN1017_004,24GN1017,,GER NNILS
24GN,24GN1017_005,24GN1017,,GER NNILS
24GN,24GN1017_006,24GN1017,,GER NNILS
24GN,24GN1017_007,24GN1017,,GER NNILS
24GN,24GN1017_008,24GN1017,,GER NNILS
24GN,24GN1017_009,24GN1017,,GER NNILS
24GN,24GN1017_010,24GN1017,,GER NNILS
24GN,24GN1018_001,24GN1018,,GER NNILS
24GN,24GN1018_002,24GN1018,,GER NNILS
24GN,24GN1018_003,24GN1018,,GER NNILS
24GN,24GN1018_004,24GN1018,,GER NNILS
24GN,24GN1018_005,24GN1018,,GER NNILS
24GN,24GN1018_006,24GN1018,,GER NNILS
24GN,24GN1018_007,24GN1018,,GER NNILS
24GN,24GN1018_008,24GN1018,,GER NNILS
24GN,24GN1018_009,24GN1018,,GER NNILS
24GN,24GN1018_010,24GN1018,,GER NNILS
24GN,24GN1019_001,24GN1019,,GER NNILS
24GN,24GN1019_002,24GN1019,,GER NNILS
24GN,24GN1019_003,24GN1019,,GER NNILS
24GN,24GN1019_004,24GN1019,,GER NNILS
24GN,24GN1019_005,24GN1019,,GER NNILS
24GN,24GN1019_006,24GN1019,,GER NNILS
24GN,24GN1019_007,24GN1019,,GER NNILS
24GN,24GN1019_008,24GN1019,,GER NNILS
24GN,24GN1019_009,24GN1019,,GER NNILS
24GN,24GN1019_010,24GN1019,,GER NNILS
24GN,24GN1020_001,24GN1020,,GER NNILS
24GN,24GN1020_002,24GN1020,,GER NNILS
24GN,24GN1020_003,24GN1020,,GER NNILS
24GN,24GN1020_004,24GN1020,,GER NNILS
24GN,24GN1020_005,24GN1020,,GER NNILS
24GN,24GN1020_006,24GN1020,,GER NNILS
24GN,24GN1020_007,24GN1020,,GER NNILS
24GN,24GN1020_008,24GN1020,,GER NNILS
24GN,24GN1020_009,24GN1020,,GER NNILS
24GN,24GN1020_010,24GN1020,,GER NNILS
24GN,24GN1021_001,24GN1021,,GER NNILS
24GN,24GN1021_002,24GN1021,,GER NNILS
24GN,24GN1021_003,24GN1021,,GER NNILS
24GN,24GN1021_004,24GN1021,,GER NNILS
24GN,24GN1021_005,24GN1021,,GER NNILS
24GN,24GN1021_006,24GN1021,,GER NNILS
24GN,24GN1021_007,24GN1021,,GER NNILS
24GN,24GN1021_008,24GN1021,,GER NNILS
24GN,24GN1021_009,24GN1021,,GER NNILS
24GN,24GN1021_010,24GN1021,,GER NNILS
24GN,24GN1022_001,24GN1022,,GER NNILS
24GN,24GN1022_002,24GN1022,,GER NNILS
24GN,24GN1022_003,24GN1022,,GER NNILS
24GN,24GN1022_004,24GN1022,,GER NNILS
24GN,24GN1022_005,24GN1022,,GER NNILS
24GN,24GN1022_006,24GN1022,,GER NNILS
24GN,24GN1022_007,24GN1022,,GER NNILS
24GN,24GN1022_008,24GN1022,,GER NNILS
24GN,24GN1022_009,24GN1022,,GER NNILS
24GN,24GN1022_010,24GN1022,,GER NNILS
24GN,24GN1023_001,24GN1023,,GER NNILS
24GN,24GN1023_002,24GN1023,,GER NNILS
24GN,24GN1023_003,24GN1023,,GER NNILS
24GN,24GN1023_004,24GN1023,,GER NNILS
24GN,24GN1023_005,24GN1023,,GER NNILS
24GN,24GN1023_006,24GN1023,,GER NNILS
24GN,24GN1023_007,24GN1023,,GER NNILS
24GN,24GN1023_008,24GN1023,,GER NNILS
24GN,24GN1023_009,24GN1023,,GER NNILS
24GN,24GN1023_010,24GN1023,,GER NNILS
24GN,24GN1024_001,24GN1024,,GER NNILS
24GN,24GN1024_002,24GN1024,,GER NNILS
24GN,24GN1024_003,24GN1024,,GER NNILS
24GN,24GN1024_004,24GN1024,,GER NNILS
24GN,24GN1024_005,24GN1024,,GER NNILS
24GN,24GN1024_006,24GN1024,,GER NNILS
24GN,24GN1024_007,24GN1024,,GER NNILS
24GN,24GN1024_008,24GN1024,,GER NNILS
24GN,24GN1024_009,24GN1024,,GER NNILS
24GN,24GN1024_010,24GN1024,,GER NNILS
24GN,24GN1025_001,24GN1025,,GER NNILS
24GN,24GN1025_002,24GN1025,,GER NNILS
24GN,24GN1025_003,24GN1025,,GER NNILS
24GN,24GN1025_004,24GN1025,,GER NNILS
24GN,24GN1025_005,24GN1025,,GER NNILS
24GN,24GN1025_006,24GN1025,,GER NNILS
24GN,24GN1025_007,24GN1025,,GER NNILS
24GN,24GN1025_008,24GN1025,,GER NNILS
24GN,24GN1025_009,24GN1025,,GER NNILS
24GN,24GN1025_010,24GN1025,,GER NNILS
24GN,24GN1026_001,24GN1026,,GER NNILS
24GN,24GN1026_002,24GN1026,,GER NNILS
24GN,24GN1026_003,24GN1026,,GER NNILS
24GN,24GN1026_004,24GN1026,,GER NNILS
24GN,24GN1026_005,24GN1026,,GER NNILS
24GN,24GN1026_006,24GN1026,,GER NNILS
24GN,24GN1026_007,24GN1026,,GER NNILS
24GN,24GN1026_008,24GN1026,,GER NNILS
24GN,24GN1026_009,24GN1026,,GER NNILS
24GN,24GN1026_010,24GN1026,,GER NNILS
24GN,24GN1027_001,24GN1027,,GER NNILS
24GN,24GN1027_002,24GN1027,,GER NNILS
24GN,24GN1027_003,24GN1027,,GER NNILS
24GN,24GN1027_004,24GN1027,,GER NNILS
24GN,24GN1027_005,24GN1027,,GER NNILS
24GN,24GN1027_006,24GN1027,,GER NNILS
24GN,24GN1027_007,24GN1027,,GER NNILS
24GN,24GN1027_008,24GN1027,,GER NNILS
24GN,24GN1027_009,24GN1027,,GER NNILS
24GN,24GN1027_010,24GN1027,,GER NNILS
24GN,24GN1028_001,24GN1028,,GER NNILS
24GN,24GN1028_002,24GN1028,,GER NNILS
24GN,24GN1028_003,24GN1028,,GER NNILS
24GN,24GN1028_004,24GN1028,,GER NNILS
24GN,24GN1028_005,24GN1028,,GER NNILS
24GN,24GN1028_006,24GN1028,,GER NNILS
24GN,24GN1028_007,24GN1028,,GER NNILS
24GN,24GN1028_008,24GN1028,,GER NNILS
24GN,24GN1028_009,24GN1028,,GER NNILS
24GN,24GN1028_010,24GN1028,,GER NNILS
24GN,24GN1029_001,24GN1029,,GER NNILS
24GN,24GN1029_002,24GN1029,,GER NNILS
24GN,24GN1029_003,24GN1029,,GER NNILS
24GN,24GN1029_004,24GN1029,,GER NNILS
24GN,24GN1029_005,24GN1029,,GER NNILS
24GN,24GN1029_006,24GN1029,,GER NNILS
24GN,24GN1029_007,24GN1029,,GER NNILS
24GN,24GN1029_008,24GN1029,,GER NNILS
24GN,24GN1029_009,24GN1029,,GER NNILS
24GN,24GN1029_010,24GN1029,,GER NNILS
24GN,24GN1030_001,24GN1030,,GER NNILS
24GN,24GN1030_002,24GN1030,,GER NNILS
24GN,24GN1030_003,24GN1030,,GER NNILS
24GN,24GN1030_004,24GN1030,,GER NNILS
24GN,24GN1030_005,24GN1030,,GER NNILS
24GN,24GN1030_006,24GN1030,,GER NNILS
24GN,24GN1030_007,24GN1030,,GER NNILS
24GN,24GN1030_008,24GN1030,,GER NNILS
24GN,24GN1030_009,24GN1030,,GER NNILS
24GN,24GN1030_010,24GN1030,,GER NNILS
24GN,24GN1031_001,24GN1031,,GER NNILS
24GN,24GN1031_002,24GN1031,,GER NNILS
24GN,24GN1031_003,24GN1031,,GER NNILS
24GN,24GN1031_004,24GN1031,,GER NNILS
24GN,24GN1031_005,24GN1031,,GER NNILS
24GN,24GN1031_006,24GN1031,,GER NNILS
24GN,24GN1031_007,24GN1031,,GER NNILS
24GN,24GN1031_008,24GN1031,,GER NNILS
24GN,24GN1031_009,24GN1031,,GER NNILS
24GN,24GN1031_010,24GN1031,,GER NNILS
24GN,24GN1032_001,24GN1032,,GER NNILS
24GN,24GN1032_002,24GN1032,,GER NNILS
24GN,24GN1032_003,24GN1032,,GER NNILS
24GN,24GN1032_004,24GN1032,,GER NNILS
24GN,24GN1032_005,24GN1032,,GER NNILS
24GN,24GN1032_006,24GN1032,,GER NNILS
24GN,24GN1032_007,24GN1032,,GER NNILS
24GN,24GN1032_008,24GN1032,,GER NNILS
24GN,24GN1032_009,24GN1032,,GER NNILS
24GN,24GN1032_010,24GN1032,,GER NNILS
24GN,24GN1033_001,24GN1033,,GER NNILS
24GN,24GN1033_002,24GN1033,,GER NNILS
24GN,24GN1033_003,24GN1033,,GER NNILS
24GN,24GN1033_004,24GN1033,,GER NNILS
24GN,24GN1033_005,24GN1033,,GER NNILS
24GN,24GN1033_006,24GN1033,,GER NNILS
24GN,24GN1033_007,24GN1033,,GER NNILS
24GN,24GN1033_008,24GN1033,,GER NNILS
24GN,24GN1033_009,24GN1033,,GER NNILS
24GN,24GN1033_010,24GN1033,,GER NNILS
24GN,24GN1034_001,24GN1034,,GER NNILS
24GN,24GN1034_002,24GN1034,,GER NNILS
24GN,24GN1034_003,24GN1034,,GER NNILS
24GN,24GN1034_004,24GN1034,,GER NNILS
24GN,24GN1034_005,24GN1034,,GER NNILS
24GN,24GN1034_006,24GN1034,,GER NNILS
24GN,24GN1034_007,24GN1034,,GER NNILS
24GN,24GN1034_008,24GN1034,,GER NNILS
24GN,24GN1034_009,24GN1034,,GER NNILS
24GN,24GN1034_010,24GN1034,,GER NNILS
24GN,24GN1035_001,24GN1035,,GER NNILS
24GN,24GN1035_002,24GN1035,,GER NNILS
24GN,24GN1035_003,24GN1035,,GER NNILS
24GN,24GN1035_004,24GN1035,,GER NNILS
24GN,24GN1035_005,24GN1035,,GER NNILS
24GN,24GN1035_006,24GN1035,,GER NNILS
24GN,24GN1035_007,24GN1035,,GER NNILS
24GN,24GN1035_008,24GN1035,,GER NNILS
24GN,24GN1035_009,24GN1035,,GER NNILS
24GN,24GN1035_010,24GN1035,,GER NNILS
24GN,24GN1036_001,24GN1036,,GER NNILS
24GN,24GN1036_002,24GN1036,,GER NNILS
24GN,24GN1036_003,24GN1036,,GER NNILS
24GN,24GN1036_004,24GN1036,,GER NNILS
24GN,24GN1036_005,24GN1036,,GER NNILS
24GN,24GN1036_006,24GN1036,,GER NNILS
24GN,24GN1036_007,24GN1036,,GER NNILS
24GN,24GN1036_008,24GN1036,,GER NNILS
24GN,24GN1036_009,24GN1036,,GER NNILS
24GN,24GN1036_010,24GN1036,,GER NNILS
24GN,24GN1037_001,24GN1037,,GER NNILS
24GN,24GN1037_002,24GN1037,,GER NNILS
24GN,24GN1037_003,24GN1037,,GER NNILS
24GN,24GN1037_004,24GN1037,,GER NNILS
24GN,24GN1037_005,24GN1037,,GER NNILS
24GN,24GN1037_006,24GN1037,,GER NNILS
24GN,24GN1037_007,24GN1037,,GER NNILS
24GN,24GN1037_008,24GN1037,,GER NNILS
24GN,24GN1037_009,24GN1037,,GER NNILS
24GN,24GN1037_010,24GN1037,,GER NNILS
24GN,24GN1038_001,24GN1038,,GER NNILS
24GN,24GN1038_002,24GN1038,,GER NNILS
24GN,24GN1038_003,24GN1038,,GER NNILS
24GN,24GN1038_004,24GN1038,,GER NNILS
24GN,24GN1038_005,24GN1038,,GER NNILS
24GN,24GN1038_006,24GN1038,,GER NNILS
24GN,24GN1038_007,24GN1038,,GER NNILS
24GN,24GN1038_008,24GN1038,,GER NNILS
24GN,24GN1038_009,24GN1038,,GER NNILS
24GN,24GN1038_010,24GN1038,,GER NNILS
24GN,24GN1039_001,24GN1039,,GER NNILS
24GN,24GN1039_002,24GN1039,,GER NNILS
24GN,24GN1039_003,24GN1039,,GER NNILS
24GN,24GN1039_004,24GN1039,,GER NNILS
24GN,24GN1039_005,24GN1039,,GER NNILS
24GN,24GN1039_006,24GN1039,,GER NNILS
24GN,24GN1039_007,24GN1039,,GER NNILS
24GN,24GN1039_008,24GN1039,,GER NNILS
24GN,24GN1039_009,24GN1039,,GER NNILS
24GN,24GN1039_010,24GN1039,,GER NNILS
24GN,24GN1040_001,24GN1040,,GER NNILS
24GN,24GN1040_002,24GN1040,,GER NNILS
24GN,24GN1040_003,24GN1040,,GER NNILS
24GN,24GN1040_004,24GN1040,,GER NNILS
24GN,24GN1040_005,24GN1040,,GER NNILS
24GN,24GN1040_006,24GN1040,,GER NNILS
24GN,24GN1040_007,24GN1040,,GER NNILS
24GN,24GN1040_008,24GN1040,,GER NNILS
24GN,24GN1040_009,24GN1040,,GER NNILS
24GN,24GN1040_010,24GN1040,,GER NNILS
24GN,24GN1041_001,24GN1041,,GER NNILS
24GN,24GN1041_002,24GN1041,,GER NNILS
24GN,24GN1041_003,24GN1041,,GER NNILS
24GN,24GN1041_004,24GN1041,,GER NNILS
24GN,24GN1041_005,24GN1041,,GER NNILS
24GN,24GN1041_006,24GN1041,,GER NNILS
24GN,24GN1041_007,24GN1041,,GER NNILS
24GN,24GN1041_008,24GN1041,,GER NNILS
24GN,24GN1041_009,24GN1041,,GER NNILS
24GN,24GN1041_010,24GN1041,,GER NNILS
24GN,24GN1042_001,24GN1042,,GER NNILS
24GN,24GN1042_002,24GN1042,,GER NNILS
24GN,24GN1042_003,24GN1042,,GER NNILS
24GN,24GN1042_004,24GN1042,,GER NNILS
24GN,24GN1042_005,24GN1042,,GER NNILS
24GN,24GN1042_006,24GN1042,,GER NNILS
24GN,24GN1042_007,24GN1042,,GER NNILS
24GN,24GN1042_008,24GN1042,,GER NNILS
24GN,24GN1042_009,24GN1042,,GER NNILS
24GN,24GN1042_010,24GN1042,,GER NNILS
24GN,24GN1043_001,24GN1043,,GER NNILS
24GN,24GN1043_002,24GN1043,,GER NNILS
24GN,24GN1043_003,24GN1043,,GER NNILS
24GN,24GN1043_004,24GN1043,,GER NNILS
24GN,24GN1043_005,24GN1043,,GER NNILS
24GN,24GN1043_006,24GN1043,,GER NNILS
24GN,24GN1043_007,24GN1043,,GER NNILS
24GN,24GN1043_008,24GN1043,,GER NNILS
24GN,24GN1043_009,24GN1043,,GER NNILS
24GN,24GN1043_010,24GN1043,,GER NNILS
24GN,24GN1044_001,24GN1044,,GER NNILS
24GN,24GN1044_002,24GN1044,,GER NNILS
24GN,24GN1044_003,24GN1044,,GER NNILS
24GN,24GN1044_004,24GN1044,,GER NNILS
24GN,24GN1044_005,24GN1044,,GER NNILS
24GN,24GN1044_006,24GN1044,,GER NNILS
24GN,24GN1044_007,24GN1044,,GER NNILS
24GN,24GN1044_008,24GN1044,,GER NNILS
24GN,24GN1044_009,24GN1044,,GER NNILS
24GN,24GN1044_010,24GN1044,,GER NNILS
24GN,24GN1045_001,24GN1045,,GER NNILS
24GN,24GN1045_002,24GN1045,,GER NNILS
24GN,24GN1045_003,24GN1045,,GER NNILS
24GN,24GN1045_004,24GN1045,,GER NNILS
24GN,24GN1045_005,24GN1045,,GER NNILS
24GN,24GN1045_006,24GN1045,,GER NNILS
24GN,24GN1045_007,24GN1045,,GER NNILS
24GN,24GN1045_008,24GN1045,,GER NNILS
24GN,24GN1045_009,24GN1045,,GER NNILS
24GN,24GN1045_010,24GN1045,,GER NNILS
24GN,24GN1046_001,24GN1046,,GER NNILS
24GN,24GN1046_002,24GN1046,,GER NNILS
24GN,24GN1046_003,24GN1046,,GER NNILS
24GN,24GN1046_004,24GN1046,,GER NNILS
24GN,24GN1046_005,24GN1046,,GER NNILS
24GN,24GN1046_006,24GN1046,,GER NNILS
24GN,24GN1046_007,24GN1046,,GER NNILS
24GN,24GN1046_008,24GN1046,,GER NNILS
24GN,24GN1046_009,24GN1046,,GER NNILS
24GN,24GN1046_010,24GN1046,,GER NNILS
24GN,24GN1047_001,24GN1047,,GER NNILS
24GN,24GN1047_002,24GN1047,,GER NNILS
24GN,24GN1047_003,24GN1047,,GER NNILS
24GN,24GN1047_004,24GN1047,,GER NNILS
24GN,24GN1047_005,24GN1047,,GER NNILS
24GN,24GN1047_006,24GN1047,,GER NNILS
24GN,24GN1047_007,24GN1047,,GER NNILS
24GN,24GN1047_008,24GN1047,,GER NNILS
24GN,24GN1047_009,24GN1047,,GER NNILS
24GN,24GN1047_010,24GN1047,,GER NNILS
24GN,24GN1048_001,24GN1048,,GER NNILS
24GN,24GN1048_002,24GN1048,,GER NNILS
24GN,24GN1048_003,24GN1048,,GER NNILS
24GN,24GN1048_004,24GN1048,,GER NNILS
24GN,24GN1048_005,24GN1048,,GER NNILS
24GN,24GN1048_006,24GN1048,,GER NNILS
24GN,24GN1048_007,24GN1048,,GER NNILS
24GN,24GN1048_008,24GN1048,,GER NNILS
24GN,24GN1048_009,24GN1048,,GER NNILS
24GN,24GN1048_010,24GN1048,,GER NNILS
24GN,24GN1049_001,24GN1049,,GER NNILS
24GN,24GN1049_002,24GN1049,,GER NNILS
24GN,24GN1049_003,24GN1049,,GER NNILS
24GN,24GN1049_004,24GN1049,,GER NNILS
24GN,24GN1049_005,24GN1049,,GER NNILS
24GN,24GN1049_006,24GN1049,,GER NNILS
24GN,24GN1049_007,24GN1049,,GER NNILS
24GN,24GN1049_008,24GN1049,,GER NNILS
24GN,24GN1049_009,24GN1049,,GER NNILS
24GN,24GN1049_010,24GN1049,,GER NNILS
24GN,24GN1050_001,24GN1050,,GER NNILS
24GN,24GN1050_002,24GN1050,,GER NNILS
24GN,24GN1050_003,24GN1050,,GER NNILS
24GN,24GN1050_004,24GN1050,,GER NNILS
24GN,24GN1050_005,24GN1050,,GER NNILS
24GN,24GN1050_006,24GN1050,,GER NNILS
24GN,24GN1050_007,24GN1050,,GER NNILS
24GN,24GN1050_008,24GN1050,,GER NNILS
24GN,24GN1050_009,24GN1050,,GER NNILS
24GN,24GN1050_010,24GN1050,,GER NNILS
24GN,24GN1051_001,24GN1051,,GER NNILS
24GN,24GN1051_002,24GN1051,,GER NNILS
24GN,24GN1051_003,24GN1051,,GER NNILS
24GN,24GN1051_004,24GN1051,,GER NNILS
24GN,24GN1051_005,24GN1051,,GER NNILS
24GN,24GN1051_006,24GN1051,,GER NNILS
24GN,24GN1051_007,24GN1051,,GER NNILS
24GN,24GN1051_008,24GN1051,,GER NNILS
24GN,24GN1051_009,24GN1051,,GER NNILS
24GN,24GN1051_010,24GN1051,,GER NNILS
24GN,24GN1052_001,24GN1052,,GER NNILS
24GN,24GN1052_002,24GN1052,,GER NNILS
24GN,24GN1052_003,24GN1052,,GER NNILS
24GN,24GN1052_004,24GN1052,,GER NNILS
24GN,24GN1052_005,24GN1052,,GER NNILS
24GN,24GN1052_006,24GN1052,,GER NNILS
24GN,24GN1052_007,24GN1052,,GER NNILS
24GN,24GN1052_008,24GN1052,,GER NNILS
24GN,24GN1052_009,24GN1052,,GER NNILS
24GN,24GN1052_010,24GN1052,,GER NNILS
24GN,24GN1053_001,24GN1053,,GER NNILS
24GN,24GN1053_002,24GN1053,,GER NNILS
24GN,24GN1053_003,24GN1053,,GER NNILS
24GN,24GN1053_004,24GN1053,,GER NNILS
24GN,24GN1053_005,24GN1053,,GER NNILS
24GN,24GN1053_006,24GN1053,,GER NNILS
24GN,24GN1053_007,24GN1053,,GER NNILS
24GN,24GN1053_008,24GN1053,,GER NNILS
24GN,24GN1053_009,24GN1053,,GER NNILS
24GN,24GN1053_010,24GN1053,,GER NNILS
24GN,24GN1054_001,24GN1054,,GER NNILS
24GN,24GN1054_002,24GN1054,,GER NNILS
24GN,24GN1054_003,24GN1054,,GER NNILS
24GN,24GN1054_004,24GN1054,,GER NNILS
24GN,24GN1054_005,24GN1054,,GER NNILS
24GN,24GN1054_006,24GN1054,,GER NNILS
24GN,24GN1054_007,24GN1054,,GER NNILS
24GN,24GN1054_008,24GN1054,,GER NNILS
24GN,24GN1054_009,24GN1054,,GER NNILS
24GN,24GN1054_010,24GN1054,,GER NNILS
24GN,24GN1055_001,24GN1055,,GER NNILS
24GN,24GN1055_002,24GN1055,,GER NNILS
24GN,24GN1055_003,24GN1055,,GER NNILS
24GN,24GN1055_004,24GN1055,,GER NNILS
24GN,24GN1055_005,24GN1055,,GER NNILS
24GN,24GN1055_006,24GN1055,,GER NNILS
24GN,24GN1055_007,24GN1055,,GER NNILS
24GN,24GN1055_008,24GN1055,,GER NNILS
24GN,24GN1055_009,24GN1055,,GER NNILS
24GN,24GN1055_010,24GN1055,,GER NNILS
24GN,24GN1056_001,24GN1056,,GER NNILS
24GN,24GN1056_002,24GN1056,,GER NNILS
24GN,24GN1056_003,24GN1056,,GER NNILS
24GN,24GN1056_004,24GN1056,,GER NNILS
24GN,24GN1056_005,24GN1056,,GER NNILS
24GN,24GN1056_006,24GN1056,,GER NNILS
24GN,24GN1056_007,24GN1056,,GER NNILS
24GN,24GN1056_008,24GN1056,,GER NNILS
24GN,24GN1056_009,24GN1056,,GER NNILS
24GN,24GN1056_010,24GN1056,,GER NNILS
24GN,24GN1057_001,24GN1057,,GER NNILS
24GN,24GN1057_002,24GN1057,,GER NNILS
24GN,24GN1057_003,24GN1057,,GER NNILS
24GN,24GN1057_004,24GN1057,,GER NNILS
24GN,24GN1057_005,24GN1057,,GER NNILS
24GN,24GN1057_006,24GN1057,,GER NNILS
24GN,24GN1057_007,24GN1057,,GER NNILS
24GN,24GN1057_008,24GN1057,,GER NNILS
24GN,24GN1057_009,24GN1057,,GER NNILS
24GN,24GN1057_010,24GN1057,,GER NNILS
24GN,24GN1058_001,24GN1058,,GER NNILS
24GN,24GN1058_002,24GN1058,,GER NNILS
24GN,24GN1058_003,24GN1058,,GER NNILS
24GN,24GN1058_004,24GN1058,,GER NNILS
24GN,24GN1058_005,24GN1058,,GER NNILS
24GN,24GN1058_006,24GN1058,,GER NNILS
24GN,24GN1058_007,24GN1058,,GER NNILS
24GN,24GN1058_008,24GN1058,,GER NNILS
24GN,24GN1058_009,24GN1058,,GER NNILS
24GN,24GN1058_010,24GN1058,,GER NNILS
24GN,24GN1059_001,24GN1059,,GER NNILS
24GN,24GN1059_002,24GN1059,,GER NNILS
24GN,24GN1059_003,24GN1059,,GER NNILS
24GN,24GN1059_004,24GN1059,,GER NNILS
24GN,24GN1059_005,24GN1059,,GER NNILS
24GN,24GN1059_006,24GN1059,,GER NNILS
24GN,24GN1059_007,24GN1059,,GER NNILS
24GN,24GN1059_008,24GN1059,,GER NNILS
24GN,24GN1059_009,24GN1059,,GER NNILS
24GN,24GN1059_010,24GN1059,,GER NNILS
24GN,24GN1060_001,24GN1060,,GER NNILS
24GN,24GN1060_002,24GN1060,,GER NNILS
24GN,24GN1060_003,24GN1060,,GER NNILS
24GN,24GN1060_004,24GN1060,,GER NNILS
24GN,24GN1060_005,24GN1060,,GER NNILS
24GN,24GN1060_006,24GN1060,,GER NNILS
24GN,24GN1060_007,24GN1060,,GER NNILS
24GN,24GN1060_008,24GN1060,,GER NNILS
24GN,24GN1060_009,24GN1060,,GER NNILS
24GN,24GN1060_010,24GN1060,,GER NNILS
24GN,24GN1061_001,24GN1061,,GER NNILS
24GN,24GN1061_002,24GN1061,,GER NNILS
24GN,24GN1061_003,24GN1061,,GER NNILS
24GN,24GN1061_004,24GN1061,,GER NNILS
24GN,24GN1061_005,24GN1061,,GER NNILS
24GN,24GN1061_006,24GN1061,,GER NNILS
24GN,24GN1061_007,24GN1061,,GER NNILS
24GN,24GN1061_008,24GN1061,,GER NNILS
24GN,24GN1061_009,24GN1061,,GER NNILS
24GN,24GN1061_010,24GN1061,,GER NNILS
24GN,24GN1062_001,24GN1062,,GER NNILS
24GN,24GN1062_002,24GN1062,,GER NNILS
24GN,24GN1062_003,24GN1062,,GER NNILS
24GN,24GN1062_004,24GN1062,,GER NNILS
24GN,24GN1062_005,24GN1062,,GER NNILS
24GN,24GN1062_006,24GN1062,,GER NNILS
24GN,24GN1062_007,24GN1062,,GER NNILS
24GN,24GN1062_008,24GN1062,,GER NNILS
24GN,24GN1062_009,24GN1062,,GER NNILS
24GN,24GN1062_010,24GN1062,,GER NNILS
24GN,24GN1063_001,24GN1063,,GER NNILS
24GN,24GN1063_002,24GN1063,,GER NNILS
24GN,24GN1063_003,24GN1063,,GER NNILS
24GN,24GN1063_004,24GN1063,,GER NNILS
24GN,24GN1063_005,24GN1063,,GER NNILS
24GN,24GN1063_006,24GN1063,,GER NNILS
24GN,24GN1063_007,24GN1063,,GER NNILS
24GN,24GN1063_008,24GN1063,,GER NNILS
24GN,24GN1063_009,24GN1063,,GER NNILS
24GN,24GN1063_010,24GN1063,,GER NNILS
24GN,24GN1064_001,24GN1064,,GER NNILS
24GN,24GN1064_002,24GN1064,,GER NNILS
24GN,24GN1064_003,24GN1064,,GER NNILS
24GN,24GN1064_004,24GN1064,,GER NNILS
24GN,24GN1064_005,24GN1064,,GER NNILS
24GN,24GN1064_006,24GN1064,,GER NNILS
24GN,24GN1064_007,24GN1064,,GER NNILS
24GN,24GN1064_008,24GN1064,,GER NNILS
24GN,24GN1064_009,24GN1064,,GER NNILS
24GN,24GN1064_010,24GN1064,,GER NNILS
24GN,24GN1065_001,24GN1065,,GER NNILS
24GN,24GN1065_002,24GN1065,,GER NNILS
24GN,24GN1065_003,24GN1065,,GER NNILS
24GN,24GN1065_004,24GN1065,,GER NNILS
24GN,24GN1065_005,24GN1065,,GER NNILS
24GN,24GN1065_006,24GN1065,,GER NNILS
24GN,24GN1065_007,24GN1065,,GER NNILS
24GN,24GN1065_008,24GN1065,,GER NNILS
24GN,24GN1065_009,24GN1065,,GER NNILS
24GN,24GN1065_010,24GN1065,,GER NNILS
24GN,24GN1066_001,24GN1066,,GER NNILS
24GN,24GN1066_002,24GN1066,,GER NNILS
24GN,24GN1066_003,24GN1066,,GER NNILS
24GN,24GN1066_004,24GN1066,,GER NNILS
24GN,24GN1066_005,24GN1066,,GER NNILS
24GN,24GN1066_006,24GN1066,,GER NNILS
24GN,24GN1066_007,24GN1066,,GER NNILS
24GN,24GN1066_008,24GN1066,,GER NNILS
24GN,24GN1066_009,24GN1066,,GER NNILS
24GN,24GN1066_010,24GN1066,,GER NNILS
24GN,24GN1067_001,24GN1067,,GER NNILS
24GN,24GN1067_002,24GN1067,,GER NNILS
24GN,24GN1067_003,24GN1067,,GER NNILS
24GN,24GN1067_004,24GN1067,,GER NNILS
24GN,24GN1067_005,24GN1067,,GER NNILS
24GN,24GN1067_006,24GN1067,,GER NNILS
24GN,24GN1067_007,24GN1067,,GER NNILS
24GN,24GN1067_008,24GN1067,,GER NNILS
24GN,24GN1067_009,24GN1067,,GER NNILS
24GN,24GN1067_010,24GN1067,,GER NNILS
24GN,24GN1068_001,24GN1068,,GER NNILS
24GN,24GN1068_002,24GN1068,,GER NNILS
24GN,24GN1068_003,24GN1068,,GER NNILS
24GN,24GN1068_004,24GN1068,,GER NNILS
24GN,24GN1068_005,24GN1068,,GER NNILS
24GN,24GN1068_006,24GN1068,,GER NNILS
24GN,24GN1068_007,24GN1068,,GER NNILS
24GN,24GN1068_008,24GN1068,,GER NNILS
24GN,24GN1068_009,24GN1068,,GER NNILS
24GN,24GN1068_010,24GN1068,,GER NNILS
24GN,24GN1069_001,24GN1069,,GER NNILS
24GN,24GN1069_002,24GN1069,,GER NNILS
24GN,24GN1069_003,24GN1069,,GER NNILS
24GN,24GN1069_004,24GN1069,,GER NNILS
24GN,24GN1069_005,24GN1069,,GER NNILS
24GN,24GN1069_006,24GN1069,,GER NNILS
24GN,24GN1069_007,24GN1069,,GER NNILS
24GN,24GN1069_008,24GN1069,,GER NNILS
24GN,24GN1069_009,24GN1069,,GER NNILS
24GN,24GN1069_010,24GN1069,,GER NNILS
24GN,24GN1070_001,24GN1070,,GER NNILS
24GN,24GN1070_002,24GN1070,,GER NNILS
24GN,24GN1070_003,24GN1070,,GER NNILS
24GN,24GN1070_004,24GN1070,,GER NNILS
24GN,24GN1070_005,24GN1070,,GER NNILS
24GN,24GN1070_006,24GN1070,,GER NNILS
24GN,24GN1070_007,24GN1070,,GER NNILS
24GN,24GN1070_008,24GN1070,,GER NNILS
24GN,24GN1070_009,24GN1070,,GER NNILS
24GN,24GN1070_010,24GN1070,,GER NNILS
24GN,24GN1071_001,24GN1071,,GER NNILS
24GN,24GN1071_002,24GN1071,,GER NNILS
24GN,24GN1071_003,24GN1071,,GER NNILS
24GN,24GN1071_004,24GN1071,,GER NNILS
24GN,24GN1071_005,24GN1071,,GER NNILS
24GN,24GN1071_006,24GN1071,,GER NNILS
24GN,24GN1071_007,24GN1071,,GER NNILS
24GN,24GN1071_008,24GN1071,,GER NNILS
24GN,24GN1071_009,24GN1071,,GER NNILS
24GN,24GN1071_010,24GN1071,,GER NNILS
24GN,24GN1072_001,24GN1072,,GER NNILS
24GN,24GN1072_002,24GN1072,,GER NNILS
24GN,24GN1072_003,24GN1072,,GER NNILS
24GN,24GN1072_004,24GN1072,,GER NNILS
24GN,24GN1072_005,24GN1072,,GER NNILS
24GN,24GN1072_006,24GN1072,,GER NNILS
24GN,24GN1072_007,24GN1072,,GER NNILS
24GN,24GN1072_008,24GN1072,,GER NNILS
24GN,24GN1072_009,24GN1072,,GER NNILS
24GN,24GN1072_010,24GN1072,,GER NNILS
24GN,24GN1073_001,24GN1073,,GER NNILS
24GN,24GN1073_002,24GN1073,,GER NNILS
24GN,24GN1073_003,24GN1073,,GER NNILS
24GN,24GN1073_004,24GN1073,,GER NNILS
24GN,24GN1073_005,24GN1073,,GER NNILS
24GN,24GN1073_006,24GN1073,,GER NNILS
24GN,24GN1073_007,24GN1073,,GER NNILS
24GN,24GN1073_008,24GN1073,,GER NNILS
24GN,24GN1073_009,24GN1073,,GER NNILS
24GN,24GN1073_010,24GN1073,,GER NNILS
24GN,24GN1074_001,24GN1074,,GER NNILS
24GN,24GN1074_002,24GN1074,,GER NNILS
24GN,24GN1074_003,24GN1074,,GER NNILS
24GN,24GN1074_004,24GN1074,,GER NNILS
24GN,24GN1074_005,24GN1074,,GER NNILS
24GN,24GN1074_006,24GN1074,,GER NNILS
24GN,24GN1074_007,24GN1074,,GER NNILS
24GN,24GN1074_008,24GN1074,,GER NNILS
24GN,24GN1074_009,24GN1074,,GER NNILS
24GN,24GN1074_010,24GN1074,,GER NNILS
24GN,24GN1075_001,24GN1075,,GER NNILS
24GN,24GN1075_002,24GN1075,,GER NNILS
24GN,24GN1075_003,24GN1075,,GER NNILS
24GN,24GN1075_004,24GN1075,,GER NNILS
24GN,24GN1075_005,24GN1075,,GER NNILS
24GN,24GN1075_006,24GN1075,,GER NNILS
24GN,24GN1075_007,24GN1075,,GER NNILS
24GN,24GN1075_008,24GN1075,,GER NNILS
24GN,24GN1075_009,24GN1075,,GER NNILS
24GN,24GN1075_010,24GN1075,,GER NNILS
24GN,24GN1076_001,24GN1076,,GER NNILS
24GN,24GN1076_002,24GN1076,,GER NNILS
24GN,24GN1076_003,24GN1076,,GER NNILS
24GN,24GN1076_004,24GN1076,,GER NNILS
24GN,24GN1076_005,24GN1076,,GER NNILS
24GN,24GN1076_006,24GN1076,,GER NNILS
24GN,24GN1076_007,24GN1076,,GER NNILS
24GN,24GN1076_008,24GN1076,,GER NNILS
24GN,24GN1076_009,24GN1076,,GER NNILS
24GN,24GN1076_010,24GN1076,,GER NNILS
24GN,24GN1077_001,24GN1077,,GER NNILS
24GN,24GN1077_002,24GN1077,,GER NNILS
24GN,24GN1077_003,24GN1077,,GER NNILS
24GN,24GN1077_004,24GN1077,,GER NNILS
24GN,24GN1077_005,24GN1077,,GER NNILS
24GN,24GN1077_006,24GN1077,,GER NNILS
24GN,24GN1077_007,24GN1077,,GER NNILS
24GN,24GN1077_008,24GN1077,,GER NNILS
24GN,24GN1077_009,24GN1077,,GER NNILS
24GN,24GN1077_010,24GN1077,,GER NNILS
24GN,24GN1078_001,24GN1078,,GER NNILS
24GN,24GN1078_002,24GN1078,,GER NNILS
24GN,24GN1078_003,24GN1078,,GER NNILS
24GN,24GN1078_004,24GN1078,,GER NNILS
24GN,24GN1078_005,24GN1078,,GER NNILS
24GN,24GN1078_006,24GN1078,,GER NNILS
24GN,24GN1078_007,24GN1078,,GER NNILS
24GN,24GN1078_008,24GN1078,,GER NNILS
24GN,24GN1078_009,24GN1078,,GER NNILS
24GN,24GN1078_010,24GN1078,,GER NNILS
24GN,24GN1079_001,24GN1079,,GER NNILS
24GN,24GN1079_002,24GN1079,,GER NNILS
24GN,24GN1079_003,24GN1079,,GER NNILS
24GN,24GN1079_004,24GN1079,,GER NNILS
24GN,24GN1079_005,24GN1079,,GER NNILS
24GN,24GN1079_006,24GN1079,,GER NNILS
24GN,24GN1079_007,24GN1079,,GER NNILS
24GN,24GN1079_008,24GN1079,,GER NNILS
24GN,24GN1079_009,24GN1079,,GER NNILS
24GN,24GN1079_010,24GN1079,,GER NNILS
24GN,24GN1080_001,24GN1080,,GER NNILS
24GN,24GN1080_002,24GN1080,,GER NNILS
24GN,24GN1080_003,24GN1080,,GER NNILS
24GN,24GN1080_004,24GN1080,,GER NNILS
24GN,24GN1080_005,24GN1080,,GER NNILS
24GN,24GN1080_006,24GN1080,,GER NNILS
24GN,24GN1080_007,24GN1080,,GER NNILS
24GN,24GN1080_008,24GN1080,,GER NNILS
24GN,24GN1080_009,24GN1080,,GER NNILS
24GN,24GN1080_010,24GN1080,,GER NNILS
24GN,24GN1081_001,24GN1081,,GER NNILS
24GN,24GN1081_002,24GN1081,,GER NNILS
24GN,24GN1081_003,24GN1081,,GER NNILS
24GN,24GN1081_004,24GN1081,,GER NNILS
24GN,24GN1081_005,24GN1081,,GER NNILS
24GN,24GN1081_006,24GN1081,,GER NNILS
24GN,24GN1081_007,24GN1081,,GER NNILS
24GN,24GN1081_008,24GN1081,,GER NNILS
24GN,24GN1081_009,24GN1081,,GER NNILS
24GN,24GN1081_010,24GN1081,,GER NNILS
24GN,24GN1082_001,24GN1082,,GER NNILS
24GN,24GN1082_002,24GN1082,,GER NNILS
24GN,24GN1082_003,24GN1082,,GER NNILS
24GN,24GN1082_004,24GN1082,,GER NNILS
24GN,24GN1082_005,24GN1082,,GER NNILS
24GN,24GN1082_006,24GN1082,,GER NNILS
24GN,24GN1082_007,24GN1082,,GER NNILS
24GN,24GN1082_008,24GN1082,,GER NNILS
24GN,24GN1082_009,24GN1082,,GER NNILS
24GN,24GN1082_010,24GN1082,,GER NNILS
24GN,24GN1083_001,24GN1083,,GER NNILS
24GN,24GN1083_002,24GN1083,,GER NNILS
24GN,24GN1083_003,24GN1083,,GER NNILS
24GN,24GN1083_004,24GN1083,,GER NNILS
24GN,24GN1083_005,24GN1083,,GER NNILS
24GN,24GN1083_006,24GN1083,,GER NNILS
24GN,24GN1083_007,24GN1083,,GER NNILS
24GN,24GN1083_008,24GN1083,,GER NNILS
24GN,24GN1083_009,24GN1083,,GER NNILS
24GN,24GN1083_010,24GN1083,,GER NNILS
24GN,24GN1084_001,24GN1084,,GER NNILS
24GN,24GN1084_002,24GN1084,,GER NNILS
24GN,24GN1084_003,24GN1084,,GER NNILS
24GN,24GN1084_004,24GN1084,,GER NNILS
24GN,24GN1084_005,24GN1084,,GER NNILS
24GN,24GN1084_006,24GN1084,,GER NNILS
24GN,24GN1084_007,24GN1084,,GER NNILS
24GN,24GN1084_008,24GN1084,,GER NNILS
24GN,24GN1084_009,24GN1084,,GER NNILS
24GN,24GN1084_010,24GN1084,,GER NNILS
24GN,24GN1085_001,24GN1085,,GER NNILS
24GN,24GN1085_002,24GN1085,,GER NNILS
24GN,24GN1085_003,24GN1085,,GER NNILS
24GN,24GN1085_004,24GN1085,,GER NNILS
24GN,24GN1085_005,24GN1085,,GER NNILS
24GN,24GN1085_006,24GN1085,,GER NNILS
24GN,24GN1085_007,24GN1085,,GER NNILS
24GN,24GN1085_008,24GN1085,,GER NNILS
24GN,24GN1085_009,24GN1085,,GER NNILS
24GN,24GN1085_010,24GN1085,,GER NNILS
24GN,24GN1086_001,24GN1086,,GER NNILS
24GN,24GN1086_002,24GN1086,,GER NNILS
24GN,24GN1086_003,24GN1086,,GER NNILS
24GN,24GN1086_004,24GN1086,,GER NNILS
24GN,24GN1086_005,24GN1086,,GER NNILS
24GN,24GN1086_006,24GN1086,,GER NNILS
24GN,24GN1086_007,24GN1086,,GER NNILS
24GN,24GN1086_008,24GN1086,,GER NNILS
24GN,24GN1086_009,24GN1086,,GER NNILS
24GN,24GN1086_010,24GN1086,,GER NNILS
24GN,24GN1087_001,24GN1087,,GER NNILS
24GN,24GN1087_002,24GN1087,,GER NNILS
24GN,24GN1087_003,24GN1087,,GER NNILS
24GN,24GN1087_004,24GN1087,,GER NNILS
24GN,24GN1087_005,24GN1087,,GER NNILS
24GN,24GN1087_006,24GN1087,,GER NNILS
24GN,24GN1087_007,24GN1087,,GER NNILS
24GN,24GN1087_008,24GN1087,,GER NNILS
24GN,24GN1087_009,24GN1087,,GER NNILS
24GN,24GN1087_010,24GN1087,,GER NNILS
24GN,24GN1088_001,24GN1088,,GER NNILS
24GN,24GN1088_002,24GN1088,,GER NNILS
24GN,24GN1088_003,24GN1088,,GER NNILS
24GN,24GN1088_004,24GN1088,,GER NNILS
24GN,24GN1088_005,24GN1088,,GER NNILS
24GN,24GN1088_006,24GN1088,,GER NNILS
24GN,24GN1088_007,24GN1088,,GER NNILS
24GN,24GN1088_008,24GN1088,,GER NNILS
24GN,24GN1088_009,24GN1088,,GER NNILS
24GN,24GN1088_010,24GN1088,,GER NNILS
24GN,24GN1089_001,24GN1089,,GER NNILS
24GN,24GN1089_002,24GN1089,,GER NNILS
24GN,24GN1089_003,24GN1089,,GER NNILS
24GN,24GN1089_004,24GN1089,,GER NNILS
24GN,24GN1089_005,24GN1089,,GER NNILS
24GN,24GN1089_006,24GN1089,,GER NNILS
24GN,24GN1089_007,24GN1089,,GER NNILS
24GN,24GN1089_008,24GN1089,,GER NNILS
24GN,24GN1089_009,24GN1089,,GER NNILS
24GN,24GN1089_010,24GN1089,,GER NNILS
24GN,24GN1090_001,24GN1090,,GER NNILS
24GN,24GN1090_002,24GN1090,,GER NNILS
24GN,24GN1090_003,24GN1090,,GER NNILS
24GN,24GN1090_004,24GN1090,,GER NNILS
24GN,24GN1090_005,24GN1090,,GER NNILS
24GN,24GN1090_006,24GN1090,,GER NNILS
24GN,24GN1090_007,24GN1090,,GER NNILS
24GN,24GN1090_008,24GN1090,,GER NNILS
24GN,24GN1090_009,24GN1090,,GER NNILS
24GN,24GN1090_010,24GN1090,,GER NNILS
24GN,24GN1091_001,24GN1091,,GER NNILS
24GN,24GN1091_002,24GN1091,,GER NNILS
24GN,24GN1091_003,24GN1091,,GER NNILS
24GN,24GN1091_004,24GN1091,,GER NNILS
24GN,24GN1091_005,24GN1091,,GER NNILS
24GN,24GN1091_006,24GN1091,,GER NNILS
24GN,24GN1091_007,24GN1091,,GER NNILS
24GN,24GN1091_008,24GN1091,,GER NNILS
24GN,24GN1091_009,24GN1091,,GER NNILS
24GN,24GN1091_010,24GN1091,,GER NNILS
24GN,24GN1092_001,24GN1092,,GER NNILS
24GN,24GN1092_002,24GN1092,,GER NNILS
24GN,24GN1092_003,24GN1092,,GER NNILS
24GN,24GN1092_004,24GN1092,,GER NNILS
24GN,24GN1092_005,24GN1092,,GER NNILS
24GN,24GN1092_006,24GN1092,,GER NNILS
24GN,24GN1092_007,24GN1092,,GER NNILS
24GN,24GN1092_008,24GN1092,,GER NNILS
24GN,24GN1092_009,24GN1092,,GER NNILS
24GN,24GN1092_010,24GN1092,,GER NNILS
24GN,24GN1093_001,24GN1093,,GER NNILS
24GN,24GN1093_002,24GN1093,,GER NNILS
24GN,24GN1093_003,24GN1093,,GER NNILS
24GN,24GN1093_004,24GN1093,,GER NNILS
24GN,24GN1093_005,24GN1093,,GER NNILS
24GN,24GN1093_006,24GN1093,,GER NNILS
24GN,24GN1093_007,24GN1093,,GER NNILS
24GN,24GN1093_008,24GN1093,,GER NNILS
24GN,24GN1093_009,24GN1093,,GER NNILS
24GN,24GN1093_010,24GN1093,,GER NNILS
24GN,24GN1094_001,24GN1094,,GER NNILS
24GN,24GN1094_002,24GN1094,,GER NNILS
24GN,24GN1094_003,24GN1094,,GER NNILS
24GN,24GN1094_004,24GN1094,,GER NNILS
24GN,24GN1094_005,24GN1094,,GER NNILS
24GN,24GN1094_006,24GN1094,,GER NNILS
24GN,24GN1094_007,24GN1094,,GER NNILS
24GN,24GN1094_008,24GN1094,,GER NNILS
24GN,24GN1094_009,24GN1094,,GER NNILS
24GN,24GN1094_010,24GN1094,,GER NNILS
24GN,24GN1095_001,24GN1095,,GER NNILS
24GN,24GN1095_002,24GN1095,,GER NNILS
24GN,24GN1095_003,24GN1095,,GER NNILS
24GN,24GN1095_004,24GN1095,,GER NNILS
24GN,24GN1095_005,24GN1095,,GER NNILS
24GN,24GN1095_006,24GN1095,,GER NNILS
24GN,24GN1095_007,24GN1095,,GER NNILS
24GN,24GN1095_008,24GN1095,,GER NNILS
24GN,24GN1095_009,24GN1095,,GER NNILS
24GN,24GN1095_010,24GN1095,,GER NNILS
24GN,24GN1096_001,24GN1096,,GER NNILS
24GN,24GN1096_002,24GN1096,,GER NNILS
24GN,24GN1096_003,24GN1096,,GER NNILS
24GN,24GN1096_004,24GN1096,,GER NNILS
24GN,24GN1096_005,24GN1096,,GER NNILS
24GN,24GN1096_006,24GN1096,,GER NNILS
24GN,24GN1096_007,24GN1096,,GER NNILS
24GN,24GN1096_008,24GN1096,,GER NNILS
24GN,24GN1096_009,24GN1096,,GER NNILS
24GN,24GN1096_010,24GN1096,,GER NNILS
24GN,24GN1097_001,24GN1097,,GER NNILS
24GN,24GN1097_002,24GN1097,,GER NNILS
24GN,24GN1097_003,24GN1097,,GER NNILS
24GN,24GN1097_004,24GN1097,,GER NNILS
24GN,24GN1097_005,24GN1097,,GER NNILS
24GN,24GN1097_006,24GN1097,,GER NNILS
24GN,24GN1097_007,24GN1097,,GER NNILS
24GN,24GN1097_008,24GN1097,,GER NNILS
24GN,24GN1097_009,24GN1097,,GER NNILS
24GN,24GN1097_010,24GN1097,,GER NNILS
24GN,24GN1098_001,24GN1098,,GER NNILS
24GN,24GN1098_002,24GN1098,,GER NNILS
24GN,24GN1098_003,24GN1098,,GER NNILS
24GN,24GN1098_004,24GN1098,,GER NNILS
24GN,24GN1098_005,24GN1098,,GER NNILS
24GN,24GN1098_006,24GN1098,,GER NNILS
24GN,24GN1098_007,24GN1098,,GER NNILS
24GN,24GN1098_008,24GN1098,,GER NNILS
24GN,24GN1098_009,24GN1098,,GER NNILS
24GN,24GN1098_010,24GN1098,,GER NNILS
24GN,24GN1099_001,24GN1099,,GER NNILS
24GN,24GN1099_002,24GN1099,,GER NNILS
24GN,24GN1099_003,24GN1099,,GER NNILS
24GN,24GN1099_004,24GN1099,,GER NNILS
24GN,24GN1099_005,24GN1099,,GER NNILS
24GN,24GN1099_006,24GN1099,,GER NNILS
24GN,24GN1099_007,24GN1099,,GER NNILS
24GN,24GN1099_008,24GN1099,,GER NNILS
24GN,24GN1099_009,24GN1099,,GER NNILS
24GN,24GN1099_010,24GN1099,,GER NNILS
24GN,24GN1100_001,24GN1100,,GER NNILS
24GN,24GN1100_002,24GN1100,,GER NNILS
24GN,24GN1100_003,24GN1100,,GER NNILS
24GN,24GN1100_004,24GN1100,,GER NNILS
24GN,24GN1100_005,24GN1100,,GER NNILS
24GN,24GN1100_006,24GN1100,,GER NNILS
24GN,24GN1100_007,24GN1100,,GER NNILS
24GN,24GN1100_008,24GN1100,,GER NNILS
24GN,24GN1100_009,24GN1100,,GER NNILS
24GN,24GN1100_010,24GN1100,,GER NNILS
24GN,24GN1101_001,24GN1101,,GER NNILS
24GN,24GN1101_002,24GN1101,,GER NNILS
24GN,24GN1101_003,24GN1101,,GER NNILS
24GN,24GN1101_004,24GN1101,,GER NNILS
24GN,24GN1101_005,24GN1101,,GER NNILS
24GN,24GN1101_006,24GN1101,,GER NNILS
24GN,24GN1101_007,24GN1101,,GER NNILS
24GN,24GN1101_008,24GN1101,,GER NNILS
24GN,24GN1101_009,24GN1101,,GER NNILS
24GN,24GN1101_010,24GN1101,,GER NNILS
24GN,24GN1102_001,24GN1102,,GER NNILS
24GN,24GN1102_002,24GN1102,,GER NNILS
24GN,24GN1102_003,24GN1102,,GER NNILS
24GN,24GN1102_004,24GN1102,,GER NNILS
24GN,24GN1102_005,24GN1102,,GER NNILS
24GN,24GN1102_006,24GN1102,,GER NNILS
24GN,24GN1102_007,24GN1102,,GER NNILS
24GN,24GN1102_008,24GN1102,,GER NNILS
24GN,24GN1102_009,24GN1102,,GER NNILS
24GN,24GN1102_010,24GN1102,,GER NNILS
24GN,24GN1103_001,24GN1103,,GER NNILS
24GN,24GN1103_002,24GN1103,,GER NNILS
24GN,24GN1103_003,24GN1103,,GER NNILS
24GN,24GN1103_004,24GN1103,,GER NNILS
24GN,24GN1103_005,24GN1103,,GER NNILS
24GN,24GN1103_006,24GN1103,,GER NNILS
24GN,24GN1103_007,24GN1103,,GER NNILS
24GN,24GN1103_008,24GN1103,,GER NNILS
24GN,24GN1103_009,24GN1103,,GER NNILS
24GN,24GN1103_010,24GN1103,,GER NNILS
24GN,24GN1104_001,24GN1104,,GER NNILS
24GN,24GN1104_002,24GN1104,,GER NNILS
24GN,24GN1104_003,24GN1104,,GER NNILS
24GN,24GN1104_004,24GN1104,,GER NNILS
24GN,24GN1104_005,24GN1104,,GER NNILS
24GN,24GN1104_006,24GN1104,,GER NNILS
24GN,24GN1104_007,24GN1104,,GER NNILS
24GN,24GN1104_008,24GN1104,,GER NNILS
24GN,24GN1104_009,24GN1104,,GER NNILS
24GN,24GN1104_010,24GN1104,,GER NNILS
24GN,24GN1105_001,24GN1105,,GER NNILS
24GN,24GN1105_002,24GN1105,,GER NNILS
24GN,24GN1105_003,24GN1105,,GER NNILS
24GN,24GN1105_004,24GN1105,,GER NNILS
24GN,24GN1105_005,24GN1105,,GER NNILS
24GN,24GN1105_006,24GN1105,,GER NNILS
24GN,24GN1105_007,24GN1105,,GER NNILS
24GN,24GN1105_008,24GN1105,,GER NNILS
24GN,24GN1105_009,24GN1105,,GER NNILS
24GN,24GN1105_010,24GN1105,,GER NNILS
24GN,24GN1106_001,24GN1106,,GER NNILS
24GN,24GN1106_002,24GN1106,,GER NNILS
24GN,24GN1106_003,24GN1106,,GER NNILS
24GN,24GN1106_004,24GN1106,,GER NNILS
24GN,24GN1106_005,24GN1106,,GER NNILS
24GN,24GN1106_006,24GN1106,,GER NNILS
24GN,24GN1106_007,24GN1106,,GER NNILS
24GN,24GN1106_008,24GN1106,,GER NNILS
24GN,24GN1106_009,24GN1106,,GER NNILS
24GN,24GN1106_010,24GN1106,,GER NNILS
24GN,24GN1107_001,24GN1107,,GER NNILS
24GN,24GN1107_002,24GN1107,,GER NNILS
24GN,24GN1107_003,24GN1107,,GER NNILS
24GN,24GN1107_004,24GN1107,,GER NNILS
24GN,24GN1107_005,24GN1107,,GER NNILS
24GN,24GN1107_006,24GN1107,,GER NNILS
24GN,24GN1107_007,24GN1107,,GER NNILS
24GN,24GN1107_008,24GN1107,,GER NNILS
24GN,24GN1107_009,24GN1107,,GER NNILS
24GN,24GN1107_010,24GN1107,,GER NNILS
24GN,24GN1108_001,24GN1108,,GER NNILS
24GN,24GN1108_002,24GN1108,,GER NNILS
24GN,24GN1108_003,24GN1108,,GER NNILS
24GN,24GN1108_004,24GN1108,,GER NNILS
24GN,24GN1108_005,24GN1108,,GER NNILS
24GN,24GN1108_006,24GN1108,,GER NNILS
24GN,24GN1108_007,24GN1108,,GER NNILS
24GN,24GN1108_008,24GN1108,,GER NNILS
24GN,24GN1108_009,24GN1108,,GER NNILS
24GN,24GN1108_010,24GN1108,,GER NNILS
24GN,24GN1109_001,24GN1109,,GER NNILS
24GN,24GN1109_002,24GN1109,,GER NNILS
24GN,24GN1109_003,24GN1109,,GER NNILS
24GN,24GN1109_004,24GN1109,,GER NNILS
24GN,24GN1109_005,24GN1109,,GER NNILS
24GN,24GN1109_006,24GN1109,,GER NNILS
24GN,24GN1109_007,24GN1109,,GER NNILS
24GN,24GN1109_008,24GN1109,,GER NNILS
24GN,24GN1109_009,24GN1109,,GER NNILS
24GN,24GN1109_010,24GN1109,,GER NNILS
24GN,24GN1110_001,24GN1110,,GER NNILS
24GN,24GN1110_002,24GN1110,,GER NNILS
24GN,24GN1110_003,24GN1110,,GER NNILS
24GN,24GN1110_004,24GN1110,,GER NNILS
24GN,24GN1110_005,24GN1110,,GER NNILS
24GN,24GN1110_006,24GN1110,,GER NNILS
24GN,24GN1110_007,24GN1110,,GER NNILS
24GN,24GN1110_008,24GN1110,,GER NNILS
24GN,24GN1110_009,24GN1110,,GER NNILS
24GN,24GN1110_010,24GN1110,,GER NNILS
24GN,24GN1111_001,24GN1111,,GER NNILS
24GN,24GN1111_002,24GN1111,,GER NNILS
24GN,24GN1111_003,24GN1111,,GER NNILS
24GN,24GN1111_004,24GN1111,,GER NNILS
24GN,24GN1111_005,24GN1111,,GER NNILS
24GN,24GN1111_006,24GN1111,,GER NNILS
24GN,24GN1111_007,24GN1111,,GER NNILS
24GN,24GN1111_008,24GN1111,,GER NNILS
24GN,24GN1111_009,24GN1111,,GER NNILS
24GN,24GN1111_010,24GN1111,,GER NNILS
24GN,24GN1112_001,24GN1112,,GER NNILS
24GN,24GN1112_002,24GN1112,,GER NNILS
24GN,24GN1112_003,24GN1112,,GER NNILS
24GN,24GN1112_004,24GN1112,,GER NNILS
24GN,24GN1112_005,24GN1112,,GER NNILS
24GN,24GN1112_006,24GN1112,,GER NNILS
24GN,24GN1112_007,24GN1112,,GER NNILS
24GN,24GN1112_008,24GN1112,,GER NNILS
24GN,24GN1112_009,24GN1112,,GER NNILS
24GN,24GN1112_010,24GN1112,,GER NNILS
24GN,24GN1113_001,24GN1113,,GER NNILS
24GN,24GN1113_002,24GN1113,,GER NNILS
24GN,24GN1113_003,24GN1113,,GER NNILS
24GN,24GN1113_004,24GN1113,,GER NNILS
24GN,24GN1113_005,24GN1113,,GER NNILS
24GN,24GN1113_006,24GN1113,,GER NNILS
24GN,24GN1113_007,24GN1113,,GER NNILS
24GN,24GN1113_008,24GN1113,,GER NNILS
24GN,24GN1113_009,24GN1113,,GER NNILS
24GN,24GN1113_010,24GN1113,,GER NNILS
24GN,24GN1114_001,24GN1114,,GER NNILS
24GN,24GN1114_002,24GN1114,,GER NNILS
24GN,24GN1114_003,24GN1114,,GER NNILS
24GN,24GN1114_004,24GN1114,,GER NNILS
24GN,24GN1114_005,24GN1114,,GER NNILS
24GN,24GN1114_006,24GN1114,,GER NNILS
24GN,24GN1114_007,24GN1114,,GER NNILS
24GN,24GN1114_008,24GN1114,,GER NNILS
24GN,24GN1114_009,24GN1114,,GER NNILS
24GN,24GN1114_010,24GN1114,,GER NNILS
24GN,24GN1115_001,24GN1115,,GER NNILS
24GN,24GN1115_002,24GN1115,,GER NNILS
24GN,24GN1115_003,24GN1115,,GER NNILS
24GN,24GN1115_004,24GN1115,,GER NNILS
24GN,24GN1115_005,24GN1115,,GER NNILS
24GN,24GN1115_006,24GN1115,,GER NNILS
24GN,24GN1115_007,24GN1115,,GER NNILS
24GN,24GN1115_008,24GN1115,,GER NNILS
24GN,24GN1115_009,24GN1115,,GER NNILS
24GN,24GN1115_010,24GN1115,,GER NNILS
24GN,24GN1116_001,24GN1116,,GER NNILS
24GN,24GN1116_002,24GN1116,,GER NNILS
24GN,24GN1116_003,24GN1116,,GER NNILS
24GN,24GN1116_004,24GN1116,,GER NNILS
24GN,24GN1116_005,24GN1116,,GER NNILS
24GN,24GN1116_006,24GN1116,,GER NNILS
24GN,24GN1116_007,24GN1116,,GER NNILS
24GN,24GN1116_008,24GN1116,,GER NNILS
24GN,24GN1116_009,24GN1116,,GER NNILS
24GN,24GN1116_010,24GN1116,,GER NNILS
24GN,24GN1117_001,24GN1117,,GER NNILS
24GN,24GN1117_002,24GN1117,,GER NNILS
24GN,24GN1117_003,24GN1117,,GER NNILS
24GN,24GN1117_004,24GN1117,,GER NNILS
24GN,24GN1117_005,24GN1117,,GER NNILS
24GN,24GN1117_006,24GN1117,,GER NNILS
24GN,24GN1117_007,24GN1117,,GER NNILS
24GN,24GN1117_008,24GN1117,,GER NNILS
24GN,24GN1117_009,24GN1117,,GER NNILS
24GN,24GN1117_010,24GN1117,,GER NNILS
24GN,24GN1118_001,24GN1118,,GER NNILS
24GN,24GN1118_002,24GN1118,,GER NNILS
24GN,24GN1118_003,24GN1118,,GER NNILS
24GN,24GN1118_004,24GN1118,,GER NNILS
24GN,24GN1118_005,24GN1118,,GER NNILS
24GN,24GN1118_006,24GN1118,,GER NNILS
24GN,24GN1118_007,24GN1118,,GER NNILS
24GN,24GN1118_008,24GN1118,,GER NNILS
24GN,24GN1118_009,24GN1118,,GER NNILS
24GN,24GN1118_010,24GN1118,,GER NNILS
24GN,24GN1119_001,24GN1119,,GER NNILS
24GN,24GN1119_002,24GN1119,,GER NNILS
24GN,24GN1119_003,24GN1119,,GER NNILS
24GN,24GN1119_004,24GN1119,,GER NNILS
24GN,24GN1119_005,24GN1119,,GER NNILS
24GN,24GN1119_006,24GN1119,,GER NNILS
24GN,24GN1119_007,24GN1119,,GER NNILS
24GN,24GN1119_008,24GN1119,,GER NNILS
24GN,24GN1119_009,24GN1119,,GER NNILS
24GN,24GN1119_010,24GN1119,,GER NNILS
24GN,24GN1120_001,24GN1120,,GER NNILS
24GN,24GN1120_002,24GN1120,,GER NNILS
24GN,24GN1120_003,24GN1120,,GER NNILS
24GN,24GN1120_004,24GN1120,,GER NNILS
24GN,24GN1120_005,24GN1120,,GER NNILS
24GN,24GN1120_006,24GN1120,,GER NNILS
24GN,24GN1120_007,24GN1120,,GER NNILS
24GN,24GN1120_008,24GN1120,,GER NNILS
24GN,24GN1120_009,24GN1120,,GER NNILS
24GN,24GN1120_010,24GN1120,,GER NNILS
24GN,24GN1121_001,24GN1121,,GER NNILS
24GN,24GN1121_002,24GN1121,,GER NNILS
24GN,24GN1121_003,24GN1121,,GER NNILS
24GN,24GN1121_004,24GN1121,,GER NNILS
24GN,24GN1121_005,24GN1121,,GER NNILS
24GN,24GN1121_006,24GN1121,,GER NNILS
24GN,24GN1121_007,24GN1121,,GER NNILS
24GN,24GN1121_008,24GN1121,,GER NNILS
24GN,24GN1121_009,24GN1121,,GER NNILS
24GN,24GN1121_010,24GN1121,,GER NNILS
24GN,24GN1122_001,24GN1122,,GER NNILS
24GN,24GN1122_002,24GN1122,,GER NNILS
24GN,24GN1122_003,24GN1122,,GER NNILS
24GN,24GN1122_004,24GN1122,,GER NNILS
24GN,24GN1122_005,24GN1122,,GER NNILS
24GN,24GN1122_006,24GN1122,,GER NNILS
24GN,24GN1122_007,24GN1122,,GER NNILS
24GN,24GN1122_008,24GN1122,,GER NNILS
24GN,24GN1122_009,24GN1122,,GER NNILS
24GN,24GN1122_010,24GN1122,,GER NNILS
24GN,24GN1123_001,24GN1123,,GER NNILS
24GN,24GN1123_002,24GN1123,,GER NNILS
24GN,24GN1123_003,24GN1123,,GER NNILS
24GN,24GN1123_004,24GN1123,,GER NNILS
24GN,24GN1123_005,24GN1123,,GER NNILS
24GN,24GN1123_006,24GN1123,,GER NNILS
24GN,24GN1123_007,24GN1123,,GER NNILS
24GN,24GN1123_008,24GN1123,,GER NNILS
24GN,24GN1123_009,24GN1123,,GER NNILS
24GN,24GN1123_010,24GN1123,,GER NNILS
24GN,24GN1124_001,24GN1124,,GER NNILS
24GN,24GN1124_002,24GN1124,,GER NNILS
24GN,24GN1124_003,24GN1124,,GER NNILS
24GN,24GN1124_004,24GN1124,,GER NNILS
24GN,24GN1124_005,24GN1124,,GER NNILS
24GN,24GN1124_006,24GN1124,,GER NNILS
24GN,24GN1124_007,24GN1124,,GER NNILS
24GN,24GN1124_008,24GN1124,,GER NNILS
24GN,24GN1124_009,24GN1124,,GER NNILS
24GN,24GN1124_010,24GN1124,,GER NNILS
24GN,24GN1125_001,24GN1125,,GER NNILS
24GN,24GN1125_002,24GN1125,,GER NNILS
24GN,24GN1125_003,24GN1125,,GER NNILS
24GN,24GN1125_004,24GN1125,,GER NNILS
24GN,24GN1125_005,24GN1125,,GER NNILS
24GN,24GN1125_006,24GN1125,,GER NNILS
24GN,24GN1125_007,24GN1125,,GER NNILS
24GN,24GN1125_008,24GN1125,,GER NNILS
24GN,24GN1125_009,24GN1125,,GER NNILS
24GN,24GN1125_010,24GN1125,,GER NNILS
24GN,24GN1126_001,24GN1126,,GER NNILS
24GN,24GN1126_002,24GN1126,,GER NNILS
24GN,24GN1126_003,24GN1126,,GER NNILS
24GN,24GN1126_004,24GN1126,,GER NNILS
24GN,24GN1126_005,24GN1126,,GER NNILS
24GN,24GN1126_006,24GN1126,,GER NNILS
24GN,24GN1126_007,24GN1126,,GER NNILS
24GN,24GN1126_008,24GN1126,,GER NNILS
24GN,24GN1126_009,24GN1126,,GER NNILS
24GN,24GN1126_010,24GN1126,,GER NNILS
24GN,24GN1127_001,24GN1127,,GER NNILS
24GN,24GN1127_002,24GN1127,,GER NNILS
24GN,24GN1127_003,24GN1127,,GER NNILS
24GN,24GN1127_004,24GN1127,,GER NNILS
24GN,24GN1127_005,24GN1127,,GER NNILS
24GN,24GN1127_006,24GN1127,,GER NNILS
24GN,24GN1127_007,24GN1127,,GER NNILS
24GN,24GN1127_008,24GN1127,,GER NNILS
24GN,24GN1127_009,24GN1127,,GER NNILS
24GN,24GN1127_010,24GN1127,,GER NNILS
24GN,24GN1128_001,24GN1128,,GER NNILS
24GN,24GN1128_002,24GN1128,,GER NNILS
24GN,24GN1128_003,24GN1128,,GER NNILS
24GN,24GN1128_004,24GN1128,,GER NNILS
24GN,24GN1128_005,24GN1128,,GER NNILS
24GN,24GN1128_006,24GN1128,,GER NNILS
24GN,24GN1128_007,24GN1128,,GER NNILS
24GN,24GN1128_008,24GN1128,,GER NNILS
24GN,24GN1128_009,24GN1128,,GER NNILS
24GN,24GN1128_010,24GN1128,,GER NNILS
24GN,24GN1129_001,24GN1129,,GER NNILS
24GN,24GN1129_002,24GN1129,,GER NNILS
24GN,24GN1129_003,24GN1129,,GER NNILS
24GN,24GN1129_004,24GN1129,,GER NNILS
24GN,24GN1129_005,24GN1129,,GER NNILS
24GN,24GN1129_006,24GN1129,,GER NNILS
24GN,24GN1129_007,24GN1129,,GER NNILS
24GN,24GN1129_008,24GN1129,,GER NNILS
24GN,24GN1129_009,24GN1129,,GER NNILS
24GN,24GN1129_010,24GN1129,,GER NNILS
24GN,24GN1130_001,24GN1130,,GER NNILS
24GN,24GN1130_002,24GN1130,,GER NNILS
24GN,24GN1130_003,24GN1130,,GER NNILS
24GN,24GN1130_004,24GN1130,,GER NNILS
24GN,24GN1130_005,24GN1130,,GER NNILS
24GN,24GN1130_006,24GN1130,,GER NNILS
24GN,24GN1130_007,24GN1130,,GER NNILS
24GN,24GN1130_008,24GN1130,,GER NNILS
24GN,24GN1130_009,24GN1130,,GER NNILS
24GN,24GN1130_010,24GN1130,,GER NNILS
24GN,24GN1131_001,24GN1131,,GER NNILS
24GN,24GN1131_002,24GN1131,,GER NNILS
24GN,24GN1131_003,24GN1131,,GER NNILS
24GN,24GN1131_004,24GN1131,,GER NNILS
24GN,24GN1131_005,24GN1131,,GER NNILS
24GN,24GN1131_006,24GN1131,,GER NNILS
24GN,24GN1131_007,24GN1131,,GER NNILS
24GN,24GN1131_008,24GN1131,,GER NNILS
24GN,24GN1131_009,24GN1131,,GER NNILS
24GN,24GN1131_010,24GN1131,,GER NNILS
24GN,24GN1132_001,24GN1132,,GER NNILS
24GN,24GN1132_002,24GN1132,,GER NNILS
24GN,24GN1132_003,24GN1132,,GER NNILS
24GN,24GN1132_004,24GN1132,,GER NNILS
24GN,24GN1132_005,24GN1132,,GER NNILS
24GN,24GN1132_006,24GN1132,,GER NNILS
24GN,24GN1132_007,24GN1132,,GER NNILS
24GN,24GN1132_008,24GN1132,,GER NNILS
24GN,24GN1132_009,24GN1132,,GER NNILS
24GN,24GN1132_010,24GN1132,,GER NNILS
24GN,24GN1133_001,24GN1133,,GER NNILS
24GN,24GN1133_002,24GN1133,,GER NNILS
24GN,24GN1133_003,24GN1133,,GER NNILS
24GN,24GN1133_004,24GN1133,,GER NNILS
24GN,24GN1133_005,24GN1133,,GER NNILS
24GN,24GN1133_006,24GN1133,,GER NNILS
24GN,24GN1133_007,24GN1133,,GER NNILS
24GN,24GN1133_008,24GN1133,,GER NNILS
24GN,24GN1133_009,24GN1133,,GER NNILS
24GN,24GN1133_010,24GN1133,,GER NNILS
24GN,24GN1134_001,24GN1134,,GER NNILS
24GN,24GN1134_002,24GN1134,,GER NNILS
24GN,24GN1134_003,24GN1134,,GER NNILS
24GN,24GN1134_004,24GN1134,,GER NNILS
24GN,24GN1134_005,24GN1134,,GER NNILS
24GN,24GN1134_006,24GN1134,,GER NNILS
24GN,24GN1134_007,24GN1134,,GER NNILS
24GN,24GN1134_008,24GN1134,,GER NNILS
24GN,24GN1134_009,24GN1134,,GER NNILS
24GN,24GN1134_010,24GN1134,,GER NNILS
24GN,24GN1135_001,24GN1135,,GER NNILS
24GN,24GN1135_002,24GN1135,,GER NNILS
24GN,24GN1135_003,24GN1135,,GER NNILS
24GN,24GN1135_004,24GN1135,,GER NNILS
24GN,24GN1135_005,24GN1135,,GER NNILS
24GN,24GN1135_006,24GN1135,,GER NNILS
24GN,24GN1135_007,24GN1135,,GER NNILS
24GN,24GN1135_008,24GN1135,,GER NNILS
24GN,24GN1135_009,24GN1135,,GER NNILS
24GN,24GN1135_010,24GN1135,,GER NNILS
24GN,24GN1136_001,24GN1136,,GER NNILS
24GN,24GN1136_002,24GN1136,,GER NNILS
24GN,24GN1136_003,24GN1136,,GER NNILS
24GN,24GN1136_004,24GN1136,,GER NNILS
24GN,24GN1136_005,24GN1136,,GER NNILS
24GN,24GN1136_006,24GN1136,,GER NNILS
24GN,24GN1136_007,24GN1136,,GER NNILS
24GN,24GN1136_008,24GN1136,,GER NNILS
24GN,24GN1136_009,24GN1136,,GER NNILS
24GN,24GN1136_010,24GN1136,,GER NNILS
24GN,24GN1137_001,24GN1137,,GER NNILS
24GN,24GN1137_002,24GN1137,,GER NNILS
24GN,24GN1137_003,24GN1137,,GER NNILS
24GN,24GN1137_004,24GN1137,,GER NNILS
24GN,24GN1137_005,24GN1137,,GER NNILS
24GN,24GN1137_006,24GN1137,,GER NNILS
24GN,24GN1137_007,24GN1137,,GER NNILS
24GN,24GN1137_008,24GN1137,,GER NNILS
24GN,24GN1137_009,24GN1137,,GER NNILS
24GN,24GN1137_010,24GN1137,,GER NNILS
24GN,24GN1138_001,24GN1138,,GER NNILS
24GN,24GN1138_002,24GN1138,,GER NNILS
24GN,24GN1138_003,24GN1138,,GER NNILS
24GN,24GN1138_004,24GN1138,,GER NNILS
24GN,24GN1138_005,24GN1138,,GER NNILS
24GN,24GN1138_006,24GN1138,,GER NNILS
24GN,24GN1138_007,24GN1138,,GER NNILS
24GN,24GN1138_008,24GN1138,,GER NNILS
24GN,24GN1138_009,24GN1138,,GER NNILS
24GN,24GN1138_010,24GN1138,,GER NNILS
24GN,24GN1139_001,24GN1139,,GER NNILS
24GN,24GN1139_002,24GN1139,,GER NNILS
24GN,24GN1139_003,24GN1139,,GER NNILS
24GN,24GN1139_004,24GN1139,,GER NNILS
24GN,24GN1139_005,24GN1139,,GER NNILS
24GN,24GN1139_006,24GN1139,,GER NNILS
24GN,24GN1139_007,24GN1139,,GER NNILS
24GN,24GN1139_008,24GN1139,,GER NNILS
24GN,24GN1139_009,24GN1139,,GER NNILS
24GN,24GN1139_010,24GN1139,,GER NNILS
24GN,24GN1140_001,24GN1140,,GER NNILS
24GN,24GN1140_002,24GN1140,,GER NNILS
24GN,24GN1140_003,24GN1140,,GER NNILS
24GN,24GN1140_004,24GN1140,,GER NNILS
24GN,24GN1140_005,24GN1140,,GER NNILS
24GN,24GN1140_006,24GN1140,,GER NNILS
24GN,24GN1140_007,24GN1140,,GER NNILS
24GN,24GN1140_008,24GN1140,,GER NNILS
24GN,24GN1140_009,24GN1140,,GER NNILS
24GN,24GN1140_010,24GN1140,,GER NNILS
24GN,24GN1141_001,24GN1141,,GER NNILS
24GN,24GN1141_002,24GN1141,,GER NNILS
24GN,24GN1141_003,24GN1141,,GER NNILS
24GN,24GN1141_004,24GN1141,,GER NNILS
24GN,24GN1141_005,24GN1141,,GER NNILS
24GN,24GN1141_006,24GN1141,,GER NNILS
24GN,24GN1141_007,24GN1141,,GER NNILS
24GN,24GN1141_008,24GN1141,,GER NNILS
24GN,24GN1141_009,24GN1141,,GER NNILS
24GN,24GN1141_010,24GN1141,,GER NNILS
24GN,24GN1142_001,24GN1142,,GER NNILS
24GN,24GN1142_002,24GN1142,,GER NNILS
24GN,24GN1142_003,24GN1142,,GER NNILS
24GN,24GN1142_004,24GN1142,,GER NNILS
24GN,24GN1142_005,24GN1142,,GER NNILS
24GN,24GN1142_006,24GN1142,,GER NNILS
24GN,24GN1142_007,24GN1142,,GER NNILS
24GN,24GN1142_008,24GN1142,,GER NNILS
24GN,24GN1142_009,24GN1142,,GER NNILS
24GN,24GN1142_010,24GN1142,,GER NNILS
24GN,24GN1143_001,24GN1143,,GER NNILS
24GN,24GN1143_002,24GN1143,,GER NNILS
24GN,24GN1143_003,24GN1143,,GER NNILS
24GN,24GN1143_004,24GN1143,,GER NNILS
24GN,24GN1143_005,24GN1143,,GER NNILS
24GN,24GN1143_006,24GN1143,,GER NNILS
24GN,24GN1143_007,24GN1143,,GER NNILS
24GN,24GN1143_008,24GN1143,,GER NNILS
24GN,24GN1143_009,24GN1143,,GER NNILS
24GN,24GN1143_010,24GN1143,,GER NNILS
24GN,24GN1144_001,24GN1144,,GER NNILS
24GN,24GN1144_002,24GN1144,,GER NNILS
24GN,24GN1144_003,24GN1144,,GER NNILS
24GN,24GN1144_004,24GN1144,,GER NNILS
24GN,24GN1144_005,24GN1144,,GER NNILS
24GN,24GN1144_006,24GN1144,,GER NNILS
24GN,24GN1144_007,24GN1144,,GER NNILS
24GN,24GN1144_008,24GN1144,,GER NNILS
24GN,24GN1144_009,24GN1144,,GER NNILS
24GN,24GN1144_010,24GN1144,,GER NNILS
24GN,24GN1145_001,24GN1145,,GER NNILS
24GN,24GN1145_002,24GN1145,,GER NNILS
24GN,24GN1145_003,24GN1145,,GER NNILS
24GN,24GN1145_004,24GN1145,,GER NNILS
24GN,24GN1145_005,24GN1145,,GER NNILS
24GN,24GN1145_006,24GN1145,,GER NNILS
24GN,24GN1145_007,24GN1145,,GER NNILS
24GN,24GN1145_008,24GN1145,,GER NNILS
24GN,24GN1145_009,24GN1145,,GER NNILS
24GN,24GN1145_010,24GN1145,,GER NNILS
24GN,24GN1146_001,24GN1146,,GER NNILS
24GN,24GN1146_002,24GN1146,,GER NNILS
24GN,24GN1146_003,24GN1146,,GER NNILS
24GN,24GN1146_004,24GN1146,,GER NNILS
24GN,24GN1146_005,24GN1146,,GER NNILS
24GN,24GN1146_006,24GN1146,,GER NNILS
24GN,24GN1146_007,24GN1146,,GER NNILS
24GN,24GN1146_008,24GN1146,,GER NNILS
24GN,24GN1146_009,24GN1146,,GER NNILS
24GN,24GN1146_010,24GN1146,,GER NNILS
24GN,24GN1147_001,24GN1147,,GER NNILS
24GN,24GN1147_002,24GN1147,,GER NNILS
24GN,24GN1147_003,24GN1147,,GER NNILS
24GN,24GN1147_004,24GN1147,,GER NNILS
24GN,24GN1147_005,24GN1147,,GER NNILS
24GN,24GN1147_006,24GN1147,,GER NNILS
24GN,24GN1147_007,24GN1147,,GER NNILS
24GN,24GN1147_008,24GN1147,,GER NNILS
24GN,24GN1147_009,24GN1147,,GER NNILS
24GN,24GN1147_010,24GN1147,,GER NNILS
24GN,24GN1148_001,24GN1148,,GER NNILS
24GN,24GN1148_002,24GN1148,,GER NNILS
24GN,24GN1148_003,24GN1148,,GER NNILS
24GN,24GN1148_004,24GN1148,,GER NNILS
24GN,24GN1148_005,24GN1148,,GER NNILS
24GN,24GN1148_006,24GN1148,,GER NNILS
24GN,24GN1148_007,24GN1148,,GER NNILS
24GN,24GN1148_008,24GN1148,,GER NNILS
24GN,24GN1148_009,24GN1148,,GER NNILS
24GN,24GN1148_010,24GN1148,,GER NNILS
24GN,24GN1149_001,24GN1149,,GER NNILS
24GN,24GN1149_002,24GN1149,,GER NNILS
24GN,24GN1149_003,24GN1149,,GER NNILS
24GN,24GN1149_004,24GN1149,,GER NNILS
24GN,24GN1149_005,24GN1149,,GER NNILS
24GN,24GN1149_006,24GN1149,,GER NNILS
24GN,24GN1149_007,24GN1149,,GER NNILS
24GN,24GN1149_008,24GN1149,,GER NNILS
24GN,24GN1149_009,24GN1149,,GER NNILS
24GN,24GN1149_010,24GN1149,,GER NNILS
24GN,24GN1150_001,24GN1150,,GER NNILS
24GN,24GN1150_002,24GN1150,,GER NNILS
24GN,24GN1150_003,24GN1150,,GER NNILS
24GN,24GN1150_004,24GN1150,,GER NNILS
24GN,24GN1150_005,24GN1150,,GER NNILS
24GN,24GN1150_006,24GN1150,,GER NNILS
24GN,24GN1150_007,24GN1150,,GER NNILS
24GN,24GN1150_008,24GN1150,,GER NNILS
24GN,24GN1150_009,24GN1150,,GER NNILS
24GN,24GN1150_010,24GN1150,,GER NNILS
24GN,24GN1151_001,24GN1151,,GER NNILS
24GN,24GN1151_002,24GN1151,,GER NNILS
24GN,24GN1151_003,24GN1151,,GER NNILS
24GN,24GN1151_004,24GN1151,,GER NNILS
24GN,24GN1151_005,24GN1151,,GER NNILS
24GN,24GN1151_006,24GN1151,,GER NNILS
24GN,24GN1151_007,24GN1151,,GER NNILS
24GN,24GN1151_008,24GN1151,,GER NNILS
24GN,24GN1151_009,24GN1151,,GER NNILS
24GN,24GN1151_010,24GN1151,,GER NNILS
24GN,24GN1152_001,24GN1152,,GER NNILS
24GN,24GN1152_002,24GN1152,,GER NNILS
24GN,24GN1152_003,24GN1152,,GER NNILS
24GN,24GN1152_004,24GN1152,,GER NNILS
24GN,24GN1152_005,24GN1152,,GER NNILS
24GN,24GN1152_006,24GN1152,,GER NNILS
24GN,24GN1152_007,24GN1152,,GER NNILS
24GN,24GN1152_008,24GN1152,,GER NNILS
24GN,24GN1152_009,24GN1152,,GER NNILS
24GN,24GN1152_010,24GN1152,,GER NNILS
24GN,24GN1153_001,24GN1153,,GER NNILS
24GN,24GN1153_002,24GN1153,,GER NNILS
24GN,24GN1153_003,24GN1153,,GER NNILS
24GN,24GN1153_004,24GN1153,,GER NNILS
24GN,24GN1153_005,24GN1153,,GER NNILS
24GN,24GN1153_006,24GN1153,,GER NNILS
24GN,24GN1153_007,24GN1153,,GER NNILS
24GN,24GN1153_008,24GN1153,,GER NNILS
24GN,24GN1153_009,24GN1153,,GER NNILS
24GN,24GN1153_010,24GN1153,,GER NNILS
24GN,24GN1154_001,24GN1154,,GER NNILS
24GN,24GN1154_002,24GN1154,,GER NNILS
24GN,24GN1154_003,24GN1154,,GER NNILS
24GN,24GN1154_004,24GN1154,,GER NNILS
24GN,24GN1154_005,24GN1154,,GER NNILS
24GN,24GN1154_006,24GN1154,,GER NNILS
24GN,24GN1154_007,24GN1154,,GER NNILS
24GN,24GN1154_008,24GN1154,,GER NNILS
24GN,24GN1154_009,24GN1154,,GER NNILS
24GN,24GN1154_010,24GN1154,,GER NNILS
24GN,24GN1155_001,24GN1155,,GER NNILS
24GN,24GN1155_002,24GN1155,,GER NNILS
24GN,24GN1155_003,24GN1155,,GER NNILS
24GN,24GN1155_004,24GN1155,,GER NNILS
24GN,24GN1155_005,24GN1155,,GER NNILS
24GN,24GN1155_006,24GN1155,,GER NNILS
24GN,24GN1155_007,24GN1155,,GER NNILS
24GN,24GN1155_008,24GN1155,,GER NNILS
24GN,24GN1155_009,24GN1155,,GER NNILS
24GN,24GN1155_010,24GN1155,,GER NNILS
24GN,24GN1156_001,24GN1156,,GER NNILS
24GN,24GN1156_002,24GN1156,,GER NNILS
24GN,24GN1156_003,24GN1156,,GER NNILS
24GN,24GN1156_004,24GN1156,,GER NNILS
24GN,24GN1156_005,24GN1156,,GER NNILS
24GN,24GN1156_006,24GN1156,,GER NNILS
24GN,24GN1156_007,24GN1156,,GER NNILS
24GN,24GN1156_008,24GN1156,,GER NNILS
24GN,24GN1156_009,24GN1156,,GER NNILS
24GN,24GN1156_010,24GN1156,,GER NNILS
24GN,24GN1157_001,24GN1157,,GER NNILS
24GN,24GN1157_002,24GN1157,,GER NNILS
24GN,24GN1157_003,24GN1157,,GER NNILS
24GN,24GN1157_004,24GN1157,,GER NNILS
24GN,24GN1157_005,24GN1157,,GER NNILS
24GN,24GN1157_006,24GN1157,,GER NNILS
24GN,24GN1157_007,24GN1157,,GER NNILS
24GN,24GN1157_008,24GN1157,,GER NNILS
24GN,24GN1157_009,24GN1157,,GER NNILS
24GN,24GN1157_010,24GN1157,,GER NNILS
24GN,24GN1158_001,24GN1158,,GER NNILS
24GN,24GN1158_002,24GN1158,,GER NNILS
24GN,24GN1158_003,24GN1158,,GER NNILS
24GN,24GN1158_004,24GN1158,,GER NNILS
24GN,24GN1158_005,24GN1158,,GER NNILS
24GN,24GN1158_006,24GN1158,,GER NNILS
24GN,24GN1158_007,24GN1158,,GER NNILS
24GN,24GN1158_008,24GN1158,,GER NNILS
24GN,24GN1158_009,24GN1158,,GER NNILS
24GN,24GN1158_010,24GN1158,,GER NNILS
24GN,24GN1159_001,24GN1159,,GER NNILS
24GN,24GN1159_002,24GN1159,,GER NNILS
24GN,24GN1159_003,24GN1159,,GER NNILS
24GN,24GN1159_004,24GN1159,,GER NNILS
24GN,24GN1159_005,24GN1159,,GER NNILS
24GN,24GN1159_006,24GN1159,,GER NNILS
24GN,24GN1159_007,24GN1159,,GER NNILS
24GN,24GN1159_008,24GN1159,,GER NNILS
24GN,24GN1159_009,24GN1159,,GER NNILS
24GN,24GN1159_010,24GN1159,,GER NNILS
24GN,24GN1160_001,24GN1160,,GER NNILS
24GN,24GN1160_002,24GN1160,,GER NNILS
24GN,24GN1160_003,24GN1160,,GER NNILS
24GN,24GN1160_004,24GN1160,,GER NNILS
24GN,24GN1160_005,24GN1160,,GER NNILS
24GN,24GN1160_006,24GN1160,,GER NNILS
24GN,24GN1160_007,24GN1160,,GER NNILS
24GN,24GN1160_008,24GN1160,,GER NNILS
24GN,24GN1160_009,24GN1160,,GER NNILS
24GN,24GN1160_010,24GN1160,,GER NNILS
24GN,24GN1161_001,24GN1161,,GER NNILS
24GN,24GN1161_002,24GN1161,,GER NNILS
24GN,24GN1161_003,24GN1161,,GER NNILS
24GN,24GN1161_004,24GN1161,,GER NNILS
24GN,24GN1161_005,24GN1161,,GER NNILS
24GN,24GN1161_006,24GN1161,,GER NNILS
24GN,24GN1161_007,24GN1161,,GER NNILS
24GN,24GN1161_008,24GN1161,,GER NNILS
24GN,24GN1161_009,24GN1161,,GER NNILS
24GN,24GN1161_010,24GN1161,,GER NNILS
24GN,24GN1162_001,24GN1162,,GER NNILS
24GN,24GN1162_002,24GN1162,,GER NNILS
24GN,24GN1162_003,24GN1162,,GER NNILS
24GN,24GN1162_004,24GN1162,,GER NNILS
24GN,24GN1162_005,24GN1162,,GER NNILS
24GN,24GN1162_006,24GN1162,,GER NNILS
24GN,24GN1162_007,24GN1162,,GER NNILS
24GN,24GN1162_008,24GN1162,,GER NNILS
24GN,24GN1162_009,24GN1162,,GER NNILS
24GN,24GN1162_010,24GN1162,,GER NNILS
24GN,24GN1163_001,24GN1163,,GER NNILS
24GN,24GN1163_002,24GN1163,,GER NNILS
24GN,24GN1163_003,24GN1163,,GER NNILS
24GN,24GN1163_004,24GN1163,,GER NNILS
24GN,24GN1163_005,24GN1163,,GER NNILS
24GN,24GN1163_006,24GN1163,,GER NNILS
24GN,24GN1163_007,24GN1163,,GER NNILS
24GN,24GN1163_008,24GN1163,,GER NNILS
24GN,24GN1163_009,24GN1163,,GER NNILS
24GN,24GN1163_010,24GN1163,,GER NNILS
24GN,24GN1164_001,24GN1164,,GER NNILS
24GN,24GN1164_002,24GN1164,,GER NNILS
24GN,24GN1164_003,24GN1164,,GER NNILS
24GN,24GN1164_004,24GN1164,,GER NNILS
24GN,24GN1164_005,24GN1164,,GER NNILS
24GN,24GN1164_006,24GN1164,,GER NNILS
24GN,24GN1164_007,24GN1164,,GER NNILS
24GN,24GN1164_008,24GN1164,,GER NNILS
24GN,24GN1164_009,24GN1164,,GER NNILS
24GN,24GN1164_010,24GN1164,,GER NNILS
24GN,24GN1165_001,24GN1165,,GER NNILS
24GN,24GN1165_002,24GN1165,,GER NNILS
24GN,24GN1165_003,24GN1165,,GER NNILS
24GN,24GN1165_004,24GN1165,,GER NNILS
24GN,24GN1165_005,24GN1165,,GER NNILS
24GN,24GN1165_006,24GN1165,,GER NNILS
24GN,24GN1165_007,24GN1165,,GER NNILS
24GN,24GN1165_008,24GN1165,,GER NNILS
24GN,24GN1165_009,24GN1165,,GER NNILS
24GN,24GN1165_010,24GN1165,,GER NNILS
24GN,24GN1166_001,24GN1166,,GER NNILS
24GN,24GN1166_002,24GN1166,,GER NNILS
24GN,24GN1166_003,24GN1166,,GER NNILS
24GN,24GN1166_004,24GN1166,,GER NNILS
24GN,24GN1166_005,24GN1166,,GER NNILS
24GN,24GN1166_006,24GN1166,,GER NNILS
24GN,24GN1166_007,24GN1166,,GER NNILS
24GN,24GN1166_008,24GN1166,,GER NNILS
24GN,24GN1166_009,24GN1166,,GER NNILS
24GN,24GN1166_010,24GN1166,,GER NNILS
24GN,24GN1167_001,24GN1167,,GER NNILS
24GN,24GN1167_002,24GN1167,,GER NNILS
24GN,24GN1167_003,24GN1167,,GER NNILS
24GN,24GN1167_004,24GN1167,,GER NNILS
24GN,24GN1167_005,24GN1167,,GER NNILS
24GN,24GN1167_006,24GN1167,,GER NNILS
24GN,24GN1167_007,24GN1167,,GER NNILS
24GN,24GN1167_008,24GN1167,,GER NNILS
24GN,24GN1167_009,24GN1167,,GER NNILS
24GN,24GN1167_010,24GN1167,,GER NNILS
24GN,24GN1168_001,24GN1168,,GER NNILS
24GN,24GN1168_002,24GN1168,,GER NNILS
24GN,24GN1168_003,24GN1168,,GER NNILS
24GN,24GN1168_004,24GN1168,,GER NNILS
24GN,24GN1168_005,24GN1168,,GER NNILS
24GN,24GN1168_006,24GN1168,,GER NNILS
24GN,24GN1168_007,24GN1168,,GER NNILS
24GN,24GN1168_008,24GN1168,,GER NNILS
24GN,24GN1168_009,24GN1168,,GER NNILS
24GN,24GN1168_010,24GN1168,,GER NNILS
24GN,24GN1169_001,24GN1169,,GER NNILS
24GN,24GN1169_002,24GN1169,,GER NNILS
24GN,24GN1169_003,24GN1169,,GER NNILS
24GN,24GN1169_004,24GN1169,,GER NNILS
24GN,24GN1169_005,24GN1169,,GER NNILS
24GN,24GN1169_006,24GN1169,,GER NNILS
24GN,24GN1169_007,24GN1169,,GER NNILS
24GN,24GN1169_008,24GN1169,,GER NNILS
24GN,24GN1169_009,24GN1169,,GER NNILS
24GN,24GN1169_010,24GN1169,,GER NNILS
24GN,24GN1170_001,24GN1170,,GER NNILS
24GN,24GN1170_002,24GN1170,,GER NNILS
24GN,24GN1170_003,24GN1170,,GER NNILS
24GN,24GN1170_004,24GN1170,,GER NNILS
24GN,24GN1170_005,24GN1170,,GER NNILS
24GN,24GN1170_006,24GN1170,,GER NNILS
24GN,24GN1170_007,24GN1170,,GER NNILS
24GN,24GN1170_008,24GN1170,,GER NNILS
24GN,24GN1170_009,24GN1170,,GER NNILS
24GN,24GN1170_010,24GN1170,,GER NNILS
24GN,24GN1171_001,24GN1171,,GER NNILS
24GN,24GN1171_002,24GN1171,,GER NNILS
24GN,24GN1171_003,24GN1171,,GER NNILS
24GN,24GN1171_004,24GN1171,,GER NNILS
24GN,24GN1171_005,24GN1171,,GER NNILS
24GN,24GN1171_006,24GN1171,,GER NNILS
24GN,24GN1171_007,24GN1171,,GER NNILS
24GN,24GN1171_008,24GN1171,,GER NNILS
24GN,24GN1171_009,24GN1171,,GER NNILS
24GN,24GN1171_010,24GN1171,,GER NNILS
24GN,24GN1172_001,24GN1172,,GER NNILS
24GN,24GN1172_002,24GN1172,,GER NNILS
24GN,24GN1172_003,24GN1172,,GER NNILS
24GN,24GN1172_004,24GN1172,,GER NNILS
24GN,24GN1172_005,24GN1172,,GER NNILS
24GN,24GN1172_006,24GN1172,,GER NNILS
24GN,24GN1172_007,24GN1172,,GER NNILS
24GN,24GN1172_008,24GN1172,,GER NNILS
24GN,24GN1172_009,24GN1172,,GER NNILS
24GN,24GN1172_010,24GN1172,,GER NNILS
24GN,24GN1173_001,24GN1173,,GER NNILS
24GN,24GN1173_002,24GN1173,,GER NNILS
24GN,24GN1173_003,24GN1173,,GER NNILS
24GN,24GN1173_004,24GN1173,,GER NNILS
24GN,24GN1173_005,24GN1173,,GER NNILS
24GN,24GN1173_006,24GN1173,,GER NNILS
24GN,24GN1173_007,24GN1173,,GER NNILS
24GN,24GN1173_008,24GN1173,,GER NNILS
24GN,24GN1173_009,24GN1173,,GER NNILS
24GN,24GN1173_010,24GN1173,,GER NNILS
24GN,24GN1174_001,24GN1174,,GER NNILS
24GN,24GN1174_002,24GN1174,,GER NNILS
24GN,24GN1174_003,24GN1174,,GER NNILS
24GN,24GN1174_004,24GN1174,,GER NNILS
24GN,24GN1174_005,24GN1174,,GER NNILS
24GN,24GN1174_006,24GN1174,,GER NNILS
24GN,24GN1174_007,24GN1174,,GER NNILS
24GN,24GN1174_008,24GN1174,,GER NNILS
24GN,24GN1174_009,24GN1174,,GER NNILS
24GN,24GN1174_010,24GN1174,,GER NNILS
24GN,24GN1175_001,24GN1175,,GER NNILS
24GN,24GN1175_002,24GN1175,,GER NNILS
24GN,24GN1175_003,24GN1175,,GER NNILS
24GN,24GN1175_004,24GN1175,,GER NNILS
24GN,24GN1175_005,24GN1175,,GER NNILS
24GN,24GN1175_006,24GN1175,,GER NNILS
24GN,24GN1175_007,24GN1175,,GER NNILS
24GN,24GN1175_008,24GN1175,,GER NNILS
24GN,24GN1175_009,24GN1175,,GER NNILS
24GN,24GN1175_010,24GN1175,,GER NNILS
24GN,24GN1176_001,24GN1176,,GER NNILS
24GN,24GN1176_002,24GN1176,,GER NNILS
24GN,24GN1176_003,24GN1176,,GER NNILS
24GN,24GN1176_004,24GN1176,,GER NNILS
24GN,24GN1176_005,24GN1176,,GER NNILS
24GN,24GN1176_006,24GN1176,,GER NNILS
24GN,24GN1176_007,24GN1176,,GER NNILS
24GN,24GN1176_008,24GN1176,,GER NNILS
24GN,24GN1176_009,24GN1176,,GER NNILS
24GN,24GN1176_010,24GN1176,,GER NNILS
24GN,24GN1177_001,24GN1177,,GER NNILS
24GN,24GN1177_002,24GN1177,,GER NNILS
24GN,24GN1177_003,24GN1177,,GER NNILS
24GN,24GN1177_004,24GN1177,,GER NNILS
24GN,24GN1177_005,24GN1177,,GER NNILS
24GN,24GN1177_006,24GN1177,,GER NNILS
24GN,24GN1177_007,24GN1177,,GER NNILS
24GN,24GN1177_008,24GN1177,,GER NNILS
24GN,24GN1177_009,24GN1177,,GER NNILS
24GN,24GN1177_010,24GN1177,,GER NNILS
24GN,24GN1178_001,24GN1178,,GER NNILS
24GN,24GN1178_002,24GN1178,,GER NNILS
24GN,24GN1178_003,24GN1178,,GER NNILS
24GN,24GN1178_004,24GN1178,,GER NNILS
24GN,24GN1178_005,24GN1178,,GER NNILS
24GN,24GN1178_006,24GN1178,,GER NNILS
24GN,24GN1178_007,24GN1178,,GER NNILS
24GN,24GN1178_008,24GN1178,,GER NNILS
24GN,24GN1178_009,24GN1178,,GER NNILS
24GN,24GN1178_010,24GN1178,,GER NNILS
24GN,24GN1179_001,24GN1179,,GER NNILS
24GN,24GN1179_002,24GN1179,,GER NNILS
24GN,24GN1179_003,24GN1179,,GER NNILS
24GN,24GN1179_004,24GN1179,,GER NNILS
24GN,24GN1179_005,24GN1179,,GER NNILS
24GN,24GN1179_006,24GN1179,,GER NNILS
24GN,24GN1179_007,24GN1179,,GER NNILS
24GN,24GN1179_008,24GN1179,,GER NNILS
24GN,24GN1179_009,24GN1179,,GER NNILS
24GN,24GN1179_010,24GN1179,,GER NNILS
24GN,24GN1180_001,24GN1180,,GER NNILS
24GN,24GN1180_002,24GN1180,,GER NNILS
24GN,24GN1180_003,24GN1180,,GER NNILS
24GN,24GN1180_004,24GN1180,,GER NNILS
24GN,24GN1180_005,24GN1180,,GER NNILS
24GN,24GN1180_006,24GN1180,,GER NNILS
24GN,24GN1180_007,24GN1180,,GER NNILS
24GN,24GN1180_008,24GN1180,,GER NNILS
24GN,24GN1180_009,24GN1180,,GER NNILS
24GN,24GN1180_010,24GN1180,,GER NNILS
24GN,24GN1181_001,24GN1181,,GER NNILS
24GN,24GN1181_002,24GN1181,,GER NNILS
24GN,24GN1181_003,24GN1181,,GER NNILS
24GN,24GN1181_004,24GN1181,,GER NNILS
24GN,24GN1181_005,24GN1181,,GER NNILS
24GN,24GN1181_006,24GN1181,,GER NNILS
24GN,24GN1181_007,24GN1181,,GER NNILS
24GN,24GN1181_008,24GN1181,,GER NNILS
24GN,24GN1181_009,24GN1181,,GER NNILS
24GN,24GN1181_010,24GN1181,,GER NNILS
24GN,24GN1182_001,24GN1182,,GER NNILS
24GN,24GN1182_002,24GN1182,,GER NNILS
24GN,24GN1182_003,24GN1182,,GER NNILS
24GN,24GN1182_004,24GN1182,,GER NNILS
24GN,24GN1182_005,24GN1182,,GER NNILS
24GN,24GN1182_006,24GN1182,,GER NNILS
24GN,24GN1182_007,24GN1182,,GER NNILS
24GN,24GN1182_008,24GN1182,,GER NNILS
24GN,24GN1182_009,24GN1182,,GER NNILS
24GN,24GN1182_010,24GN1182,,GER NNILS
24GN,24GN1183_001,24GN1183,,GER NNILS
24GN,24GN1183_002,24GN1183,,GER NNILS
24GN,24GN1183_003,24GN1183,,GER NNILS
24GN,24GN1183_004,24GN1183,,GER NNILS
24GN,24GN1183_005,24GN1183,,GER NNILS
24GN,24GN1183_006,24GN1183,,GER NNILS
24GN,24GN1183_007,24GN1183,,GER NNILS
24GN,24GN1183_008,24GN1183,,GER NNILS
24GN,24GN1183_009,24GN1183,,GER NNILS
24GN,24GN1183_010,24GN1183,,GER NNILS
24GN,24GN1184_001,24GN1184,,GER NNILS
24GN,24GN1184_002,24GN1184,,GER NNILS
24GN,24GN1184_003,24GN1184,,GER NNILS
24GN,24GN1184_004,24GN1184,,GER NNILS
24GN,24GN1184_005,24GN1184,,GER NNILS
24GN,24GN1184_006,24GN1184,,GER NNILS
24GN,24GN1184_007,24GN1184,,GER NNILS
24GN,24GN1184_008,24GN1184,,GER NNILS
24GN,24GN1184_009,24GN1184,,GER NNILS
24GN,24GN1184_010,24GN1184,,GER NNILS
